0132793040,784
0321735722,352
0324322402,754
0439651859,377
0439886341,941
0511189877,298
0528881469,809
0545020832,503
0545016258,950
0545102057,163
0558835155,382
059403390X,890
0594012015,751
0594017580,969
0594450209,461
0594514681,823
0594549507,695
0594478162,936
0594451647,600
0594450705,578
0594033896,537
0594477670,287
0594481813,235
0594033934,958
0594450268,388
0594482127,180
059400232X,564
0594296420,494
0594033926,425
0743610431,873
074361058X,616
0777700018,684
0840017677,288
0879393742,703
0899336795,745
089933623X,142
094339676X,802
0970408005,731
0970407998,900
0970408641,846
0972683275,525
0973528648,768
0974562106,510
0977703037,658
0978770382,636
0982308825,979
0983947600,331
0984484515,117
0984484523,320
0986987662,259
1034385789,581
1085901386,992
1039869017,859
1094441252,689
1182702627,199
1254875778,164
134048160X,701
1394860919,942
1348510390,342
1400532620,385
140053271X,478
1400699894,372
1400532736,232
1400698987,731
1400501474,685
1400501520,660
1400501741,727
1400699169,775
1400532655,256
1400501784,232
1400599997,498
1400501466,853
1400666937,743
1400501776,955
1412714451,256
1412733626,732
141277201X,227
1412772028,539
141278400X,437
1412784212,866
1412789788,271
1427695024,269
1427649987,518
0205616461,906
0310329523,978
0558925278,860
0615114180,184
0733001998,143
0737104473,882
0762451459,704
0767812158,804
0767812115,296
0780020715,594
0780019490,754
0780021258,549
0783113943,631
0788812408,266
0788805533,405
0790736365,540
0792147340,389
0792838386,115
0792845439,251
079284551X,616
0972031758,167
0976490609,606
0977217213,499
1030070148,519
1304139212,655
130414674X,724
130414089X,182
1304196062,490
1304146537,266
130414643X,683
1304174905,405
1304196135,106
1304139220,379
1304168522,665
1304174867,995
1304196070,330
1304196046,120
1304351475,806
1304174778,613
1304488608,553
1304511154,715
1304495396,934
1304511146,145
130451112X,737
1304511138,354
1304511081,225
1304511073,856
1304482685,650
1304511111,754
1304622657,310
1304622428,909
1304622622,628
1304624544,944
1304622460,689
1304624536,223
1304622223,819
1304622193,662
1304651118,330
1304665720,263
130465110X,175
1304651029,628
1304651088,982
1304622452,189
1304665704,973
1304651347,910
1304624498,255
1304622665,743
130466578X,582
1400200873,853
1400200865,871
1400301734,823
1403790965,183
1412759676,426
1414301308,876
1457982633,938
1558908323,192
156371616X,273
1565857690,706
1570199167,243
1572671203,746
1575672782,921
1578002230,594
1578750172,267
1603113460,643
1608613453,969
1879187396,660
1888522186,561
1891129716,445
189112966X,302
1906987238,207
1929099886,220
1987958179,450
322700075X,494
3227001055,108
0061985856,789
0061997102,545
0071423206,864
0071436588,832
0072222506,386
0078800242,1000
013099166X,947
0195129946,307
0195317106,366
0226769577,967
024051579X,650
0240814509,150
0262693151,510
0307279189,849
030795207X,453
031088974X,376
0312207689,900
0316041009,157
0321268768,268
0321775074,208
0345524926,490
037550771X,711
037585746X,228
0393061744,618
0393242196,564
0425169340,706
0439492815,121
0439499798,378
0439492262,279
043950998X,715
0439509815,892
0439559561,236
0439654726,345
0439697379,187
0439731631,864
0439733138,557
0439824222,663
043982429X,172
0439824133,574
043983869X,118
0439872073,355
0439909279,728
0449222829,762
0471032174,710
0471178411,607
0485175185,873
0486211452,440
0486457192,178
0486475468,473
0520235177,449
0545119367,340
0545196388,156
0545196361,808
0545196396,937
054519640X,831
0545196701,348
0553575716,387
0594152240,795
0595270190,207
0615313604,465
0615444172,337
0615512135,400
0615656579,560
061570042X,292
0634061801,608
0641782853,579
0700716211,685
0735309043,977
0735202192,444
0735320594,240
073532056X,450
0735335249,474
0735335230,536
073533773X,793
0737604751,786
0739003755,354
0739100645,677
0739484761,344
074240028X,998
074349282X,316
0754605094,454
0756659981,579
0001393774,880
0001526863,757
0005123909,707
0005134188,502
0005419263,900
0005441382,858
0005059836,517
0014072149,816
0026197898,590
0041291905,802
0041913574,545
0077479637,517
0307141217,162
0307142426,326
030714139X,150
0307141985,118
0307141950,541
0307142698,204
0307141144,611
030714335X,647
030714318X,715
0307141128,450
0310250056,850
0310250048,237
0310261988,596
0393102548,617
0510599125,109
0563494131,770
0563494239,521
0563494050,456
0563494212,862
0563494395,539
0563494689,526
0563494255,439
0563494816,145
0563494077,421
0563494115,639
0563530693,656
0563528257,421
0577088726,113
0578077698,119
0615205399,916
0615299830,513
0615318533,799
0615677746,978
0615720242,126
0615877346,436
063319428X,557
0634029363,275
0634029355,703
0634029347,640
0634050028,754
0634055429,370
0634055534,760
0634065459,978
0634069845,648
0679884815,829
0679884793,934
0679887660,894
0679892869,246
0738921610,474
0738920495,508
0738919039,677
0738900672,326
0738920363,905
0738920630,428
0738920479,485
0738920339,755
0738921505,784
0738920371,776
0738921475,512
0739032631,548
0739037986,580
0739040375,184
0739040251,251
0739040308,743
0739042726,336
0123456479,834
0130350591,824
0578060604,556
0594006112,795
0615391206,408
0641929307,952
0641965974,283
064178614X,510
0641967969,956
064180556X,689
0681795107,278
0705342913,502
0705356280,898
0705394492,355
0748185259,561
0783433891,195
0805471219,194
0898216052,689
0912696591,462
0972187677,939
097736271X,265
097857141X,848
0978736885,994
0979755026,238
0980183227,511
098019282X,409
0984493697,215
0984493638,542
0988315815,343
1009245414,648
1223070743,266
1223071359,186
1223069818,958
1403779619,597
1403783624,752
1450823661,269
1567120709,310
1574890832,681
1574890824,175
1574891936,257
1574898922,384
1574898949,730
1574898930,613
159668027X,179
1613261535,234
1614549168,780
1614547831,139
1614547440,234
161552231X,561
161659120X,486
161659232X,299
1619920239,109
1619920255,438
1621522172,860
1625684185,272
1842104780,665
1842104470,381
1842104322,688
1847503705,756
184999949X,478
1888861347,265
1888861142,932
1888861622,303
1888861614,654
1888861150,170
1891747401,100
1891747134,742
1896639437,993
1929780656,994
1932289348,591
1932648623,782
1933244038,545
1933506105,352
0000031909,718
0000031852,441
0000191639,307
0000031895,951
0076561046,518
0131358936,641
0375829695,693
0425066169,802
0439028485,137
0439400066,211
0439652472,753
0439710324,652
0439845297,137
0439838649,683
0439843073,128
0439855896,100
0439893577,274
0439927277,794
0448447088,676
0470182318,582
0486430502,421
048645195X,197
054503180X,492
0545056551,416
0545090954,518
0545302285,892
0545302218,587
0545302315,376
0545325234,957
0545346207,688
0545419042,516
0545449340,233
0545459915,444
0545477344,243
0545530830,518
0545496470,638
0547422539,922
0594019915,452
0615227554,535
0615269990,443
0615343287,682
0615374794,509
0615394124,754
0615405509,124
0615500145,309
0615637507,600
0615638996,463
0615641571,242
0641551568,998
0641518633,451
0641061501,681
064157388X,166
0641565771,596
0641737939,147
0641699840,585
0641843208,653
0641928262,613
0641801041,410
0641835248,673
0641699174,800
0641843224,190
0641801033,371
0641811284,277
0641843216,896
0641841132,801
0641843232,861
0670010936,678
0671040049,416
067104009X,470
0681001410,584
0681108231,126
0681459697,704
0681542349,317
0681520418,145
0681358173,353
0681768983,426
0681843586,294
0681561653,516
0681952326,847
0001048775,341
0001048236,599
0001057170,672
0001053396,173
0001072986,345
0001053744,151
0001055178,477
0001042335,397
000136118X,449
0001360000,705
0001018043,287
000102521X,332
0001056107,406
0001056530,831
0001006657,143
000171287X,397
000171130X,314
000100039X,812
0001473905,394
0001714546,899
0001839225,632
0001384163,451
0001837397,922
0001714538,193
0001857169,333
0001711342,120
0001714384,779
0001845357,713
0615553605,176
0615583474,392
0972585419,552
0975412817,124
0975412809,560
0975412868,871
0977264815,378
0983794812,322
0983794804,180
1083812550,402
1083813215,852
1083813210,480
1223000893,414
1300347635,394
1300451238,598
1300450991,562
1300451483,422
1300451300,658
130045136X,790
1300451505,161
1300451270,232
1300451122,489
1300451076,712
1300451092,707
1300451041,353
1300451246,810
1300451335,310
1300451181,643
1300451491,970
1304797031,331
1304797023,310
1312018747,307
1304793303,853
1412717388,727
1417084871,328
1427313369,415
1576102742,530
1576104125,425
1576102831,343
1576102734,272
1576102939,154
1576102807,492
1590150007,652
1903499920,151
1903492022,550
1906492816,926
1906492832,398
1906492905,901
1906492433,502
1906492891,262
1906492883,490
1906492514,633
1942007200,904
2272800023,432
2272800024,202
2272800020,717
2272800022,541
2272800033,959
2272800034,589
2272800025,756
2400370215,133
2734888454,111
3275610011,688
4847651201,232
4847676011,217
6025002541,193
6025002118,227
6025002576,216
6025002517,606
6025002584,204
6025002096,597
602500255X,984
6025002568,865
6025002533,160
602500207X,488
6041026557,384
6041026417,197
6041026433,686
6041026778,536
6041026875,266
6041026514,632
6041023973,156
6041026786,430
6041026530,860
6041023000,812
6041026042,683
6041026158,612
6041026212,391
6041027510,185
6041027537,674
7576580800,720
8029311600,266
8029318100,958
8742238625,226
9376674505,231
0657745316,340
0700026444,644
1403796890,864
141278509X,971
1453060375,603
1453060782,396
1453060464,921
1603112251,409
1613170416,597
1837994021,465
3301261876,762
3295000018,918
3621813330,123
5463213682,585
5628754218,124
6065555568,488
6162362183,810
616719923X,922
6182055979,721
7621000880,783
7621915358,600
7800648702,606
7801411242,906
9074600034,352
917712183X,713
9177121791,261
9178894018,582
9603971588,872
9742356831,536
9747503506,493
9895514115,513
AA42004001,627
B00000AE9S,814
B00000IRTW,437
B00004S1C5,755
B00004S1C6,928
B00004SU1F,567
B00004TBB0,444
B00004Y5PN,514
B000052Y74,350
B000052YEH,161
B0000531B7,602
B0000532DJ,686
B00005352Q,221
B00005344V,726
B0000536Y3,650
B0000537KC,720
B0000537AF,336
B00005AS53,496
B00005B12M,150
B00005BPQ9,704
B00005BPJO,443
B00005C2M2,479
B00005C2M5,409
B00005C2ZW,141
B00005C2JE,267
B00005C2M3,777
B00005IX98,251
B00005IX97,974
B00005IX96,319
B00005MOY3,962
B00005NTR2,633
B00005REBJ,411
B0000631X2,963
B000063D0C,972
B000063D0D,232
B000068XME,895
B000068XMG,954
B000068XMF,840
B0000691JF,632
B000069J7H,864
B000069KQW,567
B00006FE1Y,783
B00006G930,402
B00006G92S,440
B00006IDK2,772
B00006IDK9,293
B00006IDJR,436
B00006IDJU,975
B00006IDJZ,818
B00006IUTN,359
B00006JZTV,138
B00006LHAU,555
B000070PBU,386
B000077W2E,538
B000077W1Q,286
B00008435O,473
B000084E00,351
B000084E9C,829
B000084EEZ,159
B000089D9T,842
B00008CQRK,736
B00008PC2B,825
B00008RCM0,256
0078764343,214
043933702X,758
0439339987,768
0439342260,667
0439339960,572
0439374391,376
0439394422,720
043940133X,649
0439573947,651
0439591295,690
0439591368,197
0439591538,394
0439671418,355
0439715571,206
0439773660,389
0439862108,864
0439900581,759
0545076412,383
0545112141,261
0545115507,619
0669524425,518
0669524115,544
0671317091,484
0700026649,304
0700026657,112
0700099867,484
0700026355,782
0758534531,623
0970154097,691
0974696153,483
0977368521,851
0977710432,720
1414311583,281
1418516805,876
1557556741,686
1558843477,875
1572644516,373
1574571931,691
1594590133,491
1597461156,769
1597461261,335
1597461105,580
1613170785,209
1616614765,505
188650301X,745
1886846790,767
1886846774,300
1886846782,168
1886846758,909
1886846766,959
1888449543,307
1894353226,978
1894353099,262
3815864844,507
3828770193,888
3866811659,311
3898740579,464
3937549064,282
393731704X,442
5293009893,1000
6050036071,222
7100027950,713
7108019833,449
7115127026,476
7108013096,736
7293000928,891
7293000936,986
7306024310,752
7505728083,179
7532724301,753
7537823413,705
7539908920,990
7543450933,237
7542614444,173
7540727705,602
7561321074,352
7800286169,555
7800405761,660
7900085653,364
8176503290,325
8565000168,724
8990289440,571
8990289432,375
9056560190,301
9078439122,731
907843905X,852
9081335219,659
9573499126,229
0000143561,912
0000143529,638
0000143502,690
0000143588,903
0001517791,556
0001516035,990
0001501348,327
0000791156,176
0001485423,969
0005019222,858
0005097258,122
0005048524,701
0005114349,407
0005055121,894
0005089549,275
0005119367,384
0005097231,100
0005054885,898
0005019281,564
0005092663,783
0005200288,705
0005452287,873
0005257891,357
0005445825,950
0006588204,689
0006886558,871
0011528230,959
0012175447,747
0073213071,357
0073259152,725
0073291404,469
0073325570,583
0073378208,112
0077270444,763
0078296757,830
0078618886,356
0101529376,688
0126604258,296
0130359742,456
0130473456,446
0130861383,159
013091133X,272
013115298X,260
0131433172,450
0131904388,908
0132534894,125
0132533669,860
0133204162,417
0135135044,602
0194593711,697
0251567516,593
0307141225,945
0307142701,112
0307141071,377
0307142469,647
0307142620,734
0307142485,517
0307142493,622
0307142817,417
0307142477,377
0307394530,815
0307449440,683
0307463826,185
0307586758,274
0307586588,213
0307587142,713
0307586901,510
0385344945,939
0385344570,318
0449819906,864
0470045558,244
0470343834,313
0470343842,466
0470623209,796
0470758570,954
0471749915,554
0486473082,125
0545449332,244
0545459923,278
0615406416,555
0700012494,776
0700012656,892
070001246X,367
0700012370,582
0700012532,565
0700022031,924
070002204X,877
0700012346,425
0700022333,152
0700022252,759
0700012702,107
0700022228,562
0705395022,140
0705383024,375
0737248289,513
0740770756,570
0756031184,841
0756037727,735
0760747059,760
0765573296,214
0765598671,548
0767180178,721
0767184270,331
0767189361,415
0767175832,520
0767196767,770
0767174607,472
0767196813,276
0767184289,913
0767197178,588
0770434096,496
0804136807,788
0823085511,480
0823085945,955
0823099032,966
0823085678,136
0871164388,146
0871164213,430
0871164949,415
0871164809,656
0871167700,700
0887432271,371
0887435378,182
088743472X,195
0887431399,270
0891346686,574
0916896390,433
093527863X,971
095470018X,601
0973030437,204
0979409098,938
0979744172,986
0980876729,106
0981532454,529
0982400578,883
0983205906,214
0985961406,609
099155759X,280
109485901X,348
1105869555,500
1304567559,213
0439903491,146
0587234792,895
0587010584,773
0587168978,393
0587218959,238
0587217189,612
061533301X,866
0618307354,637
0689027818,580
0740317024,826
0740315129,141
0740315048,109
0740794019,741
0740794108,379
0740794248,253
0740794078,899
0740794124,209
0740794167,935
0740794183,863
0740794140,772
0749568275,833
0756041244,194
0756030242,105
0756032318,436
0789319942,105
0922658536,509
0939431556,338
095650843X,185
0956508421,434
0974889172,831
0977061604,555
0977271609,417
0978561023,535
0982119712,293
1059875837,296
1412758181,560
1438802552,890
1438823029,945
1439347069,828
1554761727,882
1559936819,405
1574866893,141
1574892398,194
1574890220,956
1574891898,604
1574892193,922
1574893343,522
1574893122,885
1574893335,584
1574899864,136
1586626310,293
0981850006,434
144072007X,715
1554701503,645
1579822932,916
1754164498,288
1880241064,187
1885010753,515
1887148914,387
1938146824,727
398501938X,179
6035000045,371
6035000037,491
6035000029,777
6303146775,387
6304429150,825
7106019410,698
751180022X,846
8386244453,745
8393166616,494
8390294540,169
8802000034,701
8802000026,220
8805002682,323
8805001058,417
8805002585,432
8805002577,641
8805002690,617
8805002720,458
8805002631,665
8805002666,168
8805002704,591
8805003263,692
880500264X,604
8805003549,376
8805003255,437
8805002593,531
8805002674,668
8805003573,719
8805002615,660
8805003603,903
8805003298,324
8805002607,281
9539732360,194
9800474382,652
9822221274,354
B0000001QY,276
B000001ULX,237
B000003GJ2,267
B000005R78,132
B000005XFE,869
B0000071CF,628
B00000GC69,882
B00000JAJ8,178
B00000K2MB,268
B0000223JC,105
B00002240Y,961
B00002240X,690
B0000224HT,518
B0000224HU,550
B0000224SB,278
B0000224PU,701
B0000224U2,830
B0000224TZ,441
B0000224VV,450
B00002255X,472
B0000225DC,938
B0000225DB,664
B0000225DD,851
B0000225D6,596
B0000225DA,920
B0000224WX,565
B0000225CS,310
B0000225CT,223
B0000225CU,844
B00002265F,109
B00002265H,923
B00002265G,393
B00002265E,669
B00002265K,162
B000024LGY,178
B0000296SV,346
B00002DE4X,500
B00002N53T,579
B00002N53V,155
B00002N5FN,617
B00002N5N8,950
B00002N5VA,850
B00002N5N7,660
B00002N5VE,373
B00002N65P,875
B00002N5ZD,449
B00002N65A,835
B00002N67C,200
B00002N66W,677
B00002N67N,105
0077614992,943
0578085844,692
0615208479,239
0615406394,672
0641710577,302
0641864507,310
0641691858,429
0641678584,740
068107289X,566
0681504498,915
0681796723,615
0681861193,650
0705394638,881
0736789928,148
076493211X,135
0764945300,918
0764954601,946
0895640163,154
0898004640,381
0898004659,747
0898004667,783
0907785212,802
0929619730,660
093926322X,124
0945523181,825
0954751302,115
0964967804,211
0967930480,549
0972433503,983
0974593613,934
097459363X,265
0974959200,470
0976202107,682
0978559088,494
0979679737,835
097968191X,669
0982614926,567
0982828004,768
098288446X,988
0982884443,443
0982884451,732
0985013346,325
1063010632,558
1093486147,271
1133442021,547
1285114752,702
1300451459,335
1300451416,191
1300451467,320
1400638771,801
142391550X,319
1424333083,309
1427600228,516
1427742642,459
1456605755,618
1467553298,392
1560622016,832
1569375607,386
1574891790,810
1574892142,649
1574890522,761
157489112X,987
1574890107,687
1574890719,346
1574892711,753
1574890859,847
1574891138,398
1574890735,870
157489093X,660
1574894064,384
1574892444,366
1574895761,750
1574895273,243
1574896849,991
1574892363,540
1574895990,681
1574894633,768
1574894137,602
157489577X,844
1574896857,913
1574898450,788
1574896865,917
1574897748,793
1574898205,324
0110400550,149
011040047X,820
0195866479,888
0214514706,996
0214714705,799
0214614700,383
0594033918,492
0641554214,726
0989890945,351
1059375362,408
1049830512,229
1059130386,175
103984068X,685
1059236222,210
1059983346,275
1059947692,512
1059661160,146
1059949202,401
1059274930,428
1059844591,242
1059824477,148
1059766019,446
1059370514,482
103824174X,178
1059641577,254
1059777851,568
1059359189,934
1098409183,430
1059598515,368
1059556936,723
1111306079,975
1111305218,527
111130114X,183
1111306052,312
1111301166,253
118270882X,389
1182707866,532
1182702295,412
1182701647,885
1182701434,336
1182701566,443
1182701906,696
1182700721,942
1182701450,666
1182701582,883
1182702589,378
1182701604,441
120401308X,115
1182707599,669
1182710026,629
120402040X,263
1204036179,455
1204012970,359
1204040982,144
120401387X,479
1182701574,279
120401325X,237
1204037159,777
1182701477,594
1204013179,173
1204037809,381
1304747883,875
1304958612,980
134739740X,125
1395871035,139
1384095802,875
1439618038,113
1466736038,384
1610121155,749
1610121147,558
1615527621,524
1615600612,570
1621520722,238
1621911888,231
1894736982,583
1908510986,503
1934790613,443
1938759834,398
1948701847,403
1958103942,658
2309458104,299
2498604987,828
2904809562,984
2912010594,583
3283005737,554
399889988X,504
3993854705,967
3993854373,110
3998899561,443
3993854128,889
0736513299,882
074032859X,586
074032957X,468
0965484947,506
1593807473,282
1904369995,769
1907061126,319
1907544453,582
193493139X,972
1934931055,492
4056051836,506
7209037217,945
750803855X,205
8805002194,882
8805002275,479
8805002283,934
8805002259,690
9792219757,650
9820940192,914
9827012088,916
9827052918,284
9861011536,492
994991812X,135
B000001QB1,975
B0000064YS,120
B00000GBXA,453
B00000J01Z,989
B00000JFRR,400
B00000JH56,819
B0000222YU,945
B00002239E,293
B0000223B6,791
B0000223BD,423
B0000223BE,100
B0000223J6,128
B0000223K3,385
B0000223T2,308
B0000223T5,846
B0000223X4,326
B0000223XE,724
B0000223UU,653
B0000223T4,809
B00002246K,881
B0000224J1,177
B0000224MP,260
B0000224PZ,381
B00002254H,889
B00002254G,319
B00002254I,742
B00002252U,749
B0000225J5,829
B0000225PR,270
B00002260M,425
B00002N52H,171
B00002N5EY,936
B00002N5JZ,662
B00002N5FK,206
B00002N5JT,741
B00002N5ME,371
B00002N5K3,747
B00002N5M5,313
B00002N5M6,511
B00002N5OI,683
B00002N60O,443
B00002N62M,870
B00002N60G,456
B00002N62T,247
B00002N631,621
B00002N68M,972
B00002N6K8,376
B00002N6HD,212
B00002N6K7,461
B00002N6FB,124
B00002N6RZ,534
B00002N6RY,670
B00002N6RV,112
B00002N6Y8,820
B00002N6RU,701
B00002N74D,626
B00002N78A,951
B00002N73U,391
B00002N77G,813
B00002N7IY,526
B00002N78W,923
B00002N6SO,962
B00002N7RN,635
B00002N7RJ,817
B00002N8A9,727
B00002N7RK,491
B00002N8AA,409
B00002N8AI,197
B00002N7VZ,106
B00002N8DH,196
0188477284,358
0531904822,170
060791548X,985
0607968699,692
0615302939,837
0615329020,827
0615375790,428
0615532209,576
0641869169,519
0736060332,438
0743273575,164
0743608658,102
074360962X,297
074360900X,890
0743608984,827
0743609972,349
0762440643,747
0762727004,952
0762746793,727
0762763833,212
0762769858,104
0762769998,919
076277911X,421
0762779101,230
0762790202,403
078341384X,312
0811733068,911
0892724323,865
0898866006,910
0898866588,364
0898867568,760
0898868904,254
0898868092,988
089886769X,701
0898868653,143
0899334113,535
0930559029,186
0934641730,392
0960169814,333
0963235982,162
0963993208,739
0965042138,727
0965976823,181
0970704615,304
0971100764,328
0971968128,679
0973259361,527
0974632058,366
0975780743,499
0976778408,295
0977416607,833
0977943550,370
0977943518,106
0977943593,749
0977943585,459
0977943577,457
0978890981,169
0978890930,910
0978890957,572
0979264413,129
0979413281,998
0979585007,801
0979625505,177
0981899382,753
0981963501,240
0982123248,268
0983318638,529
0984445161,638
0987779605,636
0989065502,846
0989450805,152
1080961844,253
1118306767,983
1300354372,334
1300310065,336
130082753X,171
1300827300,919
0000031887,506
0001981315,357
0001384155,525
0001857029,662
0001950541,635
000198327X,544
0001984020,945
0001939777,220
0001983261,392
0001983415,665
000198392X,302
0001983393,678
0001473123,194
0001983938,185
0002000547,892
0001981692,326
0001983857,153
0001713256,303
0001956264,126
0001839233,832
0002008483,965
000211268X,479
0002113570,829
0002007649,484
0001712772,222
0001856871,253
0002153238,545
0002154781,520
0002111306,779
0001983660,952
0002153246,786
000014357X,722
0001983806,767
0002114186,942
0002158183,576
0002153432,912
0002007681,682
0002154129,209
0002157330,576
000215949X,779
0002154579,855
0002153211,814
0002158442,754
000215854X,714
0002155435,900
0002176203,958
0002159317,786
0002157292,246
0002159643,131
000216194X,516
0002179741,226
0002159627,967
0002199181,590
0002187027,234
0001713108,894
0001711296,919
000217989X,344
0002167425,484
0002173808,188
0002179911,110
0002175983,143
0002198940,369
000218494X,577
0002159511,474
0002197790,486
0002175800,422
0002185385,576
000215725X,291
0002189615,798
000219984X,302
0002178559,432
0002210495,240
0002199963,559
0002191369,599
0002154838,499
0002188384,829
0002154463,921
0002199645,959
0002117088,526
0002212129,248
0002218321,973
0002210967,651
000221735X,371
0002202123,995
0002179679,271
0002202158,777
0002197782,838
0002192888,208
0002219417,839
0002214709,439
0002213311,936
0002189607,933
0002219492,987
0002215357,612
0002199823,856
0002200120,346
0002237245,314
0002231832,945
0002226901,461
0002236761,295
000225073X,352
0002231026,570
0002228645,970
0002250667,518
0002250713,949
0002251183,457
0002251965,432
0002251043,982
0002252104,518
000225218X,388
0002251337,226
0002243741,278
000222383X,381
0002252015,232
0002250462,145
0002254182,646
000225686X,788
0002250748,435
0002226618,641
000223677X,927
0002251507,744
0002254816,929
0002258579,855
0002253968,512
0002254565,696
0002259192,497
0002251833,630
000225705X,295
0002243768,462
0002250381,219
0002250519,585
0002254123,520
0002250616,152
0002221020,280
0002250535,468
0002312263,635
0002222590,342
0002221365,917
0002315963,819
0002261200,789
0002250756,653
0002202085,613
0002235013,193
0002251981,474
0002326698,489
0002251205,926
0002251213,777
0002226049,321
0002326876,799
0002311240,715
0002314282,337
0002218844,819
0002550865,369
0002551152,716
0002254131,940
0002239221,572
0002310899,939
0002550296,719
0002237814,189
0002551489,116
0002251884,398
0002552264,604
0002255553,552
0002327031,550
0002214407,671
0002552256,835
0002553430,576
0002552574,257
0002311216,756
0002553341,559
0002553449,122
000255223X,845
0002554216,464
0002553473,744
0002229781,322
0002554364,809
0002251930,368
000255397X,309
0002550857,273
0002255731,200
0002239418,400
0002553481,656
0002318075,258
0002253305,313
0002554755,733
0002553708,894
0002553732,154
000225977X,412
0002553457,917
0002553295,382
0002556642,293
0002554534,336
0002554593,487
0002551470,706
000255738X,396
0002554798,430
0002552531,826
000255383X,861
0002554909,659
0002557681,614
0002551659,135
0002554194,398
0002550326,728
0002551667,435
0002554526,538
0002557231,900
0002558637,924
0002556723,580
0002551195,910
000255898X,135
0002252082,254
0002554771,568
0002558572,983
0002554577,985
0002558319,862
0002554518,544
0002550938,353
0002554623,173
0002553988,859
0002570874,526
0002570033,426
0002571382,606
0002570319,271
0002554860,172
0002558033,289
000255934X,934
0002625032,705
0002571153,821
0002559064,741
0002571714,579
0002570130,688
0002713454,205
0002558793,549
0002571404,752
000255710X,688
0002554763,268
000257196X,580
0002713357,464
0002570963,556
0002719053,533
0002570327,607
0002551543,835
0002712199,562
0002556324,302
000255870X,846
0002572192,188
0002712091,119
0002571560,703
0002614510,997
000255450X,549
0002555875,975
0002713756,424
0002710188,860
0002558173,454
0002614529,634
0002571943,141
0002713624,425
0002570890,577
0002730057,320
0003222977,710
0002726874,912
0002740427,528
0002571293,115
0002740303,632
0003278344,223
0002559099,134
0002740168,728
0002740737,555
0002571471,223
0002740753,446
0002712709,865
0002713241,872
0004127056,997
0002720728,948
0004120205,377
0002318652,809
0002570831,703
0002558718,350
0004126815,457
0004133307,569
0004133285,735
0002727463,689
0003708861,427
0004126505,737
0004133382,536
0004140850,951
0003271323,691
0004140966,391
0004133463,296
0004140052,778
0004133595,374
000274094X,831
0002713810,257
0004133587,449
0004134125,487
0002551519,430
0004134109,964
0002572168,656
0004133897,466
0004140494,677
0004133900,354
0004145372,241
0004133935,200
0002555026,766
0004589769,267
0002555921,849
0004489438,121
0003300781,569
0004140648,668
0004334051,880
0004343476,702
0004586441,122
0004140338,437
0004133862,110
0004586654,145
0004486110,229
0004133536,959
0003222357,803
0004126483,141
0004125231,462
0004489098,981
0004488938,790
0004700090,751
0004708490,397
0004709977,462
0004140958,850
0004710258,353
0004710010,100
0004585488,149
0004489004,389
0004721098,129
0004589580,409
0004708229,859
0004700481,330
0004722205,131
0004721357,995
0004720776,963
0004704991,431
0004708261,132
0004707532,307
0004707664,205
0004722698,812
0004707508,910
0004722116,689
000470763X,985
0004702743,142
000470746X,212
0004723821,416
0004720652,378
000472254X,826
0004722213,678
0004724097,689
000472500X,657
0004721470,669
0004708466,800
0004724143,852
0004708237,878
0004721446,601
0004586522,975
0004722639,460
0004588029,788
0005048729,487
0004724119,275
0004724542,217
0004724038,685
0004720091,321
0004722590,291
0004724526,948
0004724747,771
0004725042,220
0004990218,902
0004722957,169
0004708482,172
0004724763,115
0004724534,825
0004723724,427
000599134X,754
0005465281,613
0005476216,878
0005235774,365
0004723996,495
0005993814,415
0005991897,351
0005992095,673
000612609X,400
0005997925,402
0005991978,798
0006140882,793
000612321X,419
0005990602,848
0006137741,867
0005991315,535
0006161413,747
000614408X,361
0006158056,820
0005991293,263
0006135129,838
0006158048,583
0006170749,336
0006165699,797
0006176607,746
0006163351,806
0006172164,381
000617471X,891
0006177484,320
0006170110,369
000617499X,403
0006129005,299
000617681X,888
0006176755,186
000616174X,480
0006173527,468
0006276199,408
0006179983,182
0006176909,347
0006176550,853
0006279457,505
0006255450,542
0006279295,447
0006172466,664
0006280080,885
0006280536,830
0006279554,607
0006280374,847
0006280366,849
0006172504,450
0006278558,481
0006279872,111
0006278582,887
0006281435,132
0006281605,876
0006278159,547
0006175015,302
0006245668,304
0006279244,939
0006281036,850
0006281052,349
0006281621,187
0006274765,224
0006281575,467
000628101X,220
0006275192,847
0006280447,436
0006162592,242
0006365582,335
0006341616,389
0006281443,418
0006370004,213
0006281354,548
0006281745,848
0006280862,681
000636540X,469
0006240682,421
0006278736,629
0006375316,229
0006266363,951
0006380387,984
0006279597,671
0006280684,211
0006371930,285
0006371949,172
0006382878,405
0006380905,800
0006382568,247
0006382991,828
0006383548,270
0006281125,516
0006380433,160
0006372643,414
0006374085,425
0006353282,124
0006374301,630
0006384218,549
0006385419,688
0006375669,925
0006383475,154
0006387500,289
0006383378,535
0006380840,792
0006379737,355
0006383718,773
0006384595,239
0006388183,494
0006373429,617
0006388671,296
0006380727,250
0006388256,709
0006380832,249
0006387640,102
0006380298,592
0006385141,165
000638837X,370
0006387306,653
0006391869,584
0006386733,626
0006384226,800
0006378560,200
0006472648,229
0006387578,688
0006470688,939
0006476201,184
0006387403,591
0006470238,762
000647019X,125
0006388515,453
0006479677,873
0006470181,962
000647859X,891
0006477100,824
0006479650,809
0006479359,933
0006386245,821
0006476058,847
0006473296,729
0006476457,709
000648025X,688
0006482147,684
0006483968,271
0006481434,827
0006473334,123
0006475043,623
0006482007,583
000648381X,678
0006483712,229
0006479014,819
0006491006,353
0006479901,225
0006486223,278
0006482430,422
0006482015,696
000647618X,150
0006471641,772
0006491790,954
0006476155,284
000648302X,249
0006491944,545
0006490603,496
0006486096,280
0006475973,713
0006480160,344
0006490271,210
0006492347,503
0006491545,515
0006483844,251
0006481353,699
0006497128,589
0006496423,390
0006477097,564
0006498892,997
0006491367,107
0006498140,836
0006498027,670
0006497802,462
0006385567,637
0006491243,481
000649692X,325
0006482155,281
0006498051,291
0006499465,377
0006490522,847
0006498930,715
0006498310,777
0006499376,207
0006499031,415
0006496415,535
0006498000,819
0006498019,211
0006491898,463
0006499457,783
0006482724,609
0006510701,399
0006492126,313
0006498698,869
0006499473,904
0006511821,480
0006499503,293
0006510515,574
0006510744,702
0006483933,136
0006512046,152
0006513743,682
0006511856,974
000649885X,770
0006499937,640
0006510450,697
0006496911,208
0006510094,717
0006499600,301
0006499570,631
0006513379,640
0006485081,851
000651233X,346
0006513778,961
0006514383,428
0006513492,879
0006512070,195
0006510655,677
0006476325,190
0006513514,571
0006514650,721
0006510507,107
0006512666,119
0006514251,780
0006514219,923
0006512275,189
0006530907,453
0006512623,245
0006530710,795
0006531911,174
0006531024,755
0006492444,506
0006479286,156
0006510663,732
0006531172,565
0006514006,585
0006499481,730
0006531636,439
0006530702,762
0006531997,213
0006531644,999
0006514642,928
0006499317,724
000653113X,651
0006532381,323
0006541216,786
0006530850,400
0006530699,573
0006512941,350
0006480829,339
0006531563,990
0006514685,693
0006511775,953
0006511570,147
0006531113,102
0006543413,415
0006492460,899
0006510078,807
0006481809,807
0006531520,582
0006542247,878
0006514359,666
0006547192,146
0006544150,598
0006547133,826
0006532217,775
000655010X,416
0006547184,460
0006498418,887
0006544584,149
0006545777,939
0006547699,515
0006513433,945
0006532160,534
0006550339,390
0006531237,929
0006550401,217
0006532306,305
0006513174,530
0006482791,423
0006551688,923
0006551513,640
0006550274,421
0006511252,853
0006514774,755
0006510221,660
0006551009,829
0006550452,335
0006547745,546
0006550657,916
0006551912,292
0006545459,759
000651216X,566
0006546846,302
0006550878,602
0006552307,745
0006552188,642
000651183X,241
0006552021,184
000662748X,560
0006550282,623
0006548350,453
0006551068,395
0006544754,227
0006532004,865
0006551386,503
0006513441,618
0006547265,853
0006548423,613
0006640338,429
0006646387,731
0006545467,929
0006551807,131
0006547680,648
0006531547,570
0006645178,769
0006550479,707
0006725813,889
0006636829,946
0006647782,306
000655198X,321
0006552129,872
0006530818,577
0006719627,613
0006512828,400
0006638554,553
0006737447,660
0006647359,101
0006736815,986
000655069X,955
0006749526,935
0006552439,637
0006544894,914
000664502X,137
0006754538,886
0006755313,661
0006550223,851
0006753981,295
0006733271,392
0006645194,257
0006751970,386
0006551971,201
0006647448,423
0006754708,186
0006862268,319
0006755283,667
0006646271,502
0006753450,722
0006552358,728
0006755216,943
0006861733,620
0006641288,755
0006644074,631
0006753639,861
0006861792,568
0006863434,801
0006640648,570
0006646468,604
0006917801,984
0006915612,349
0006754589,101
0006945562,255
0006754287,684
0006923992,892
0006498841,857
0006861962,911
0006932045,558
0007100345,295
0007100108,483
0006861415,101
0006863817,524
0007101295,633
0007102313,103
0007100450,619
0007100787,967
0007102593,783
0006752586,888
0007102216,667
0007101309,471
0007101880,655
0007100957,656
0006931863,582
0006499945,147
0007103107,921
0007101902,511
0006930131,723
0007103174,268
0007103360,671
000710331X,188
0007100973,519
0007105150,252
0007101082,853
0007103417,757
0007104065,675
0007100140,401
0006751032,150
0007102658,436
0006924581,123
0007106335,252
000710555X,416
0007107234,350
0007106971,493
0007104367,551
0007107188,991
0007101112,888
0007105363,235
0006550436,706
0007105762,497
0007103980,158
0007100035,945
0007100019,739
0007107110,692
0007101244,674
0007102186,896
0007103867,142
0007101910,193
0007108001,537
0006925170,757
0007102704,108
0007103077,210
0007109075,217
0007105428,617
0007109989,607
0007107722,478
0007107293,669
0007106823,304
0007110200,617
000710202X,783
0007104405,464
0007110332,434
0007102011,127
0007111177,885
0007109490,181
0007109261,145
0007107978,794
0007108656,238
0007103387,129
000710734X,681
0007103530,949
0007110162,903
0007103328,826
0007100965,917
0007113137,209
0007107927,961
0007110359,121
0007104022,667
0007102305,110
0007110219,609
0007111193,591
000710717X,301
0007101147,103
0007111584,313
0007108419,540
0007112793,290
0007110731,215
0007110367,780
0007104847,699
000710894X,904
0007113234,822
0007112580,187
0007108176,179
0007108168,654
0007111517,221
0007114222,265
0007109601,939
0007108435,351
0007111347,347
0007110375,483
0007112645,778
0007104839,931
0007110227,211
0007114710,258
0007115938,838
0007110014,810
0007116543,819
0007107005,774
0007109245,213
0007105088,108
0007112998,624
0007101929,722
0007116330,425
0007106211,708
0007111266,983
0007112521,289
000711530X,220
0007115369,893
0007111134,277
0007111290,859
0007116454,277
0007117868,369
0007107951,232
0007116195,362
0007108885,579
0007115024,880
0007115466,501
0007116233,567
0007117930,294
0007106246,765
0007115768,228
0007116772,551
0007107919,636
0007113978,504
0007113587,522
0007112637,132
0007110642,850
0007113080,342
0007113323,431
0007114494,903
0007114478,737
000710958X,615
0007115865,437
0007117043,371
0007107900,261
0007103999,818
0007118473,746
0007118651,565
000711883X,834
0007122500,642
0007121822,965
0007121172,634
0007120214,263
0007111541,510
0007118449,154
0007117094,448
0007118937,376
0007119860,521
0007117078,158
000712032X,366
0007119739,179
0007111681,293
0007112785,146
0007122993,157
0007118481,657
0007122462,844
0007117019,514
0007119151,207
0007121334,981
0007123078,788
0007123132,703
0007121512,539
0007115008,723
0007113218,340
0007115040,434
0007122772,548
0007120621,590
0007126239,368
0007120257,496
0007123477,909
0007123868,125
0007121687,641
0007119801,491
0007122764,990
0007119267,115
0007127065,124
0007123469,898
0007118775,726
0007122241,940
0007121121,467
0007119070,883
0007126913,799
0007123744,657
0007122314,223
0007122756,901
000712113X,662
0007121164,522
0007126255,518
0007111509,199
0007116993,758
0007128177,296
000712760X,429
0007124120,795
0007124015,374
0007127359,820
0007129505,969
0007116055,762
0007127960,183
0007122802,198
0007122039,285
0007127251,221
0007129564,575
0007130872,244
0007119674,362
000712774X,279
0007107668,985
0007113633,293
0007129882,464
0007126867,862
0007120699,173
0007119240,575
0007129653,564
0007122071,672
0007128231,715
0007130465,480
0007126409,162
0007126190,835
0007120303,907
0007131119,974
0007122934,183
0007130902,410
0007123000,427
0007120192,260
0007127375,803
0007131526,933
0007111444,758
0007126468,125
0007129491,248
000712998X,379
0007130511,712
0007131968,663
0007128088,997
0007121814,594
0007129572,904
0007131674,403
0007129602,546
0007106904,299
000712029X,219
0007131852,388
0007132824,744
0007132875,866
0007130988,491
0007131240,754
000712693X,342
0007121768,429
0007133235,160
0007122497,264
0007133189,936
0007133359,953
0007133383,922
0007133243,582
0007127871,906
0007133103,510
0007128576,344
0007129742,543
0007132417,335
0007136102,257
000713603X,939
0007133227,790
0007131828,289
0007134282,285
0007127820,678
0007133839,616
0007131518,543
0007138024,632
0007133138,925
0007134444,395
000712287X,367
0007139756,299
0007138520,562
0007131143,148
0007138121,759
0007118899,944
0007106912,856
0007136447,880
0007135653,638
0007130996,497
0007137540,347
0007136951,178
0007130856,343
0007133073,685
0007137508,498
0007133715,692
0007127952,623
0007136412,600
0007142161,566
0007137435,683
0007129610,938
0007132328,368
0007141491,240
0007141335,632
000713021X,951
0007111762,559
0007138873,273
0007142528,881
0007142978,947
0007136838,155
0007142552,831
0007131747,637
0007143478,214
0007143346,444
0007137605,407
000713326X,825
0007131380,383
0007142579,622
0007136110,651
000713309X,519
0007140436,259
0007131844,685
0007140495,385
0007139810,441
0007137516,256
0007131631,118
0007136536,455
000714119X,436
0007145454,367
0007143486,479
0007139837,370
0007137885,639
0007142730,577
0007145373,392
0007145438,594
0007131658,717
0007145160,942
0007143818,784
0007143761,483
0007145012,746
000714346X,833
0007145543,861
0007143745,671
0007145411,651
0007146434,296
0007145683,556
0007142285,477
0007143885,760
0007145187,926
0007139365,402
0007141785,523
000714573X,967
0007146841,629
000713472X,568
0007141521,754
0007142935,169
0007141750,833
0007136552,619
0007143753,459
0007147406,839
0007138059,284
0007146671,628
0007146116,509
0007149395,811
0007149034,772
0007146620,807
0007146663,554
0007145381,747
0007140444,988
0007136048,876
0007147686,943
0007133855,968
0007136129,846
0007147139,868
0007143001,939
0007146299,316
0007148089,495
0007139489,230
0007150660,484
0007139543,237
0007150431,770
0007145705,573
0007148224,523
0007146639,803
0007137699,326
0007137222,106
0007153716,381
0007153554,886
0007152647,670
0007150342,662
0007147430,701
0007143974,736
000715366X,693
0007131895,954
0007153996,810
0007153988,738
0007143443,615
0007147422,815
0007149468,420
000714668X,266
0007134495,262
0007150911,239
0007150253,758
0007149174,901
0007151225,822
0007151241,295
0007148747,285
0007148976,621
0007145896,504
000715173X,658
0007154100,164
0007145918,561
0007149689,495
0007152817,140
0007155034,682
000715514X,894
0007155689,281
0007156073,346
0007137788,524
0007151047,649
0007152531,870
0007142951,481
0007153937,798
0007149832,746
0007155387,382
0007155263,291
0007145462,802
0007152566,327
0007146736,598
0007129955,546
0007154518,892
0007156588,759
0007156804,267
0007155018,436
0007157797,422
000714685X,245
0007155417,676
0007149824,749
0007151691,787
0007156189,663
0007159013,848
0007157738,961
000715741X,520
000715772X,660
0007149654,141
0007156634,646
0007156618,297
0007155182,398
0007155670,757
0007147201,643
0007154526,943
0007156960,515
0007157959,474
000714587X,104
0007154607,212
0007156995,395
0007155395,889
0007114893,137
0007160011,888
000715500X,148
0007160631,411
000716114X,600
0007114370,513
0007155093,895
0007156650,895
0007156545,489
0007161263,151
0007154615,898
0007146914,337
0007149158,301
0007161492,443
0007156871,361
000715612X,214
0007149166,288
0007155166,544
0007158505,893
0007154496,155
0007161484,598
000715626X,703
0007150636,608
0007159862,924
0007149425,340
0007161328,637
0007162863,850
0007161778,928
0007163053,125
0007163231,732
0007163703,115
0007161360,284
0007163916,379
000716307X,216
0007157169,863
0007163665,366
0007155441,273
0007163584,723
0007163851,397
0007157932,964
0007160054,882
0007164653,275
0007163169,733
0007163908,599
0007156200,577
0007164009,284
0007159021,442
0007161786,607
0007156944,628
0007164971,417
0007165307,241
0007163061,854
000716386X,553
0007163223,554
0007164793,273
000716372X,421
0007166672,144
000716212X,582
0007166435,684
0007164866,484
0007154623,965
0007165854,231
0007166079,379
0007166427,256
0007156642,859
0007156081,912
0007162219,238
0007163835,808
000716369X,601
0007158041,423
0007163541,965
0007157339,296
0007165048,327
000716968X,769
0007166699,475
0007165021,726
0007163843,358
0007169574,953
0007160003,390
0007163894,510
0007163649,625
0007147295,943
0007157177,683
0007171161,815
0007158084,174
0007170602,578
0007163932,938
000716565X,664
0007172230,153
0007169914,271
0007171285,708
0007171382,589
0007170343,416
0007166796,455
0007167040,479
0007171331,389
0007166419,863
0007172982,622
0007157398,511
000716467X,454
0007173075,182
0007155468,637
0007165714,191
0007165641,606
0007163681,147
0007171684,724
0007170580,452
0007173172,206
0007166753,602
000716677X,367
0007167016,490
0007174551,507
0007165110,888
0007165773,481
0007175604,330
000716324X,456
0007154135,324
0007157150,696
0007169248,975
0007170572,905
0007145489,517
0007175590,585
0007165137,594
0007166664,832
0007175566,292
0007176287,794
0007172354,577
0007169639,548
0007167059,461
0007176953,126
0007170858,118
0007163959,367
0007151330,194
000717604X,260
0007169205,988
0007172850,224
0007161026,640
0007162111,400
0007166761,868
0007171854,138
0007165102,194
000717117X,463
0007177968,982
0007175418,248
0007175264,690
0007163886,781
000717859X,113
0007176937,578
0007176961,649
0007165498,932
0007178026,319
0007178271,495
0007175779,173
0007181345,124
0007166443,974
0007178565,742
0007174500,302
000717487X,905
0007175299,880
000716680X,342
0007176872,320
000718025X,123
0007164246,209
0007178921,929
0007164742,227
0007181655,536
0007179758,356
0007176996,922
0007178662,580
000718235X,967
0007178700,983
0007178735,269
0007182260,382
0007177844,945
000717828X,507
0007178999,801
0007173520,983
0007178751,586
0007177445,568
0007149107,374
0007179731,879
0007176171,555
0007182171,354
0007175337,465
0007182554,216
0007183291,530
0007182791,873
0007127669,231
0007179995,764
0007171153,377
0007171366,270
0007181221,251
0007179286,581
0007182937,566
0007179316,178
0007185944,885
0007183453,261
0007184093,790
0007182805,751
0007163630,481
0007179898,838
0007183267,923
000718381X,133
0007183283,593
0007177208,683
0007175582,748
0007173687,525
0007183488,831
0007179030,739
0007184182,983
0007186819,364
0007183062,861
0007183860,440
0007173415,391
0007169507,198
0007183070,118
0007181639,487
0007178778,398
0007181817,219
0007188900,486
0007189559,872
0007190360,382
0007183240,939
0007183313,259
0007190107,579
0007191308,508
0007182449,395
0007183054,627
0007177003,476
0007184018,647
0007181647,193
0007189842,997
0007181868,647
0007190816,620
0007183917,679
0007193025,658
0007189850,654
0007175175,876
0007181175,597
0007189915,245
0007176848,832
0007179642,208
0007178522,348
0007189486,603
0007193327,164
0007191170,635
0007191928,369
0007182473,761
0007182147,576
000718039X,230
0007189532,199
0007193513,850
0007192428,694
0007185189,912
0007193084,140
000719417X,173
0007186061,641
0007189540,354
0007181787,740
0007192576,944
0007168209,782
0007183038,461
0007193440,770
0007189958,744
0007183259,925
0007193645,254
0007190042,130
0007194161,789
0007189885,877
000719319X,828
0007180209,579
0007193181,224
0007185839,706
0007191103,442
0007194609,831
0007197829,861
0007190824,206
0007178336,840
0007183003,918
0007182325,280
0007189923,254
0007198051,734
000718364X,517
0007198248,329
0007195109,427
0007192665,551
000719918X,167
0007182422,120
0007193416,469
0007197748,907
0007175531,325
0007190646,429
0007197063,377
0007198299,396
0007190743,898
0007193998,635
000719420X,165
0007198132,824
0007201060,417
0007192177,802
0007198949,656
0007199058,608
0007190611,206
0007201710,230
0007198760,678
0007195974,287
0007200943,723
000719210X,305
0007194420,860
0007201680,895
0007194463,285
0007192827,225
0007191839,101
0007205430,144
0007202091,638
0007201958,701
0007201249,959
0007177658,585
0007202156,193
0007199740,769
0007201044,529
0007194226,361
0007195710,946
0007201486,722
0007198876,338
0007205503,371
0007195613,797
0007207719,732
0007207093,558
0007198272,176
0007203276,980
0007193467,396
0007202474,871
0007193785,733
0007203500,455
0007203772,449
0007205155,248
0007197772,660
0007202334,941
0007204396,568
000720700X,226
000719773X,185
0007207077,433
0007208693,736
000720874X,418
0007199090,981
000719739X,841
0007206976,524
0007209967,418
0007203624,856
0007201001,653
0007210698,885
0007212046,848
0007205988,119
0007196091,308
0007198922,776
0007192932,590
0007203373,541
0007201451,779
0007206615,378
0007212224,715
0007203004,815
0007179812,974
0007204108,397
0007213859,485
000720762X,759
0007207603,160
0007196822,754
0007211376,590
0007198140,226
0007212666,150
0007212119,945
0007212801,769
0007202725,173
0007199074,402
0007210361,139
0007212798,184
0007208316,582
0007210132,204
0007216734,496
0007216718,230
0007209657,869
0007200854,996
000722088X,636
0007219040,645
0007193602,992
0007217811,341
0007223633,189
0007209053,570
000720728X,925
0007208081,314
0007210825,150
0007218664,414
0007220871,593
0007212089,798
0007212712,227
0007225768,237
0007199082,145
000721376X,329
0007222017,211
0007225237,342
0007217838,885
0007214723,611
0007225644,872
0007211503,517
0007216521,498
0007225032,981
0007215991,443
0007228198,697
0007204477,465
0007223773,869
0007220677,285
0007225172,469
0007225784,528
0007213514,156
0007223749,225
0007223706,808
0007227418,467
0007224451,924
0007214782,292
000721460X,160
0007209665,789
0007210949,967
0007223722,201
0007230591,580
0007220928,794
0007231482,462
0007232144,340
0007229690,829
0007226454,821
000723404X,978
0007225520,475
0007228627,910
0007231814,725
0007224125,441
0007234708,612
0007217196,367
0007232861,778
000720969X,232
0007214839,626
0007233108,174
0007232292,940
0007228554,262
0007205996,753
0007230397,304
0007236832,760
0007234031,442
0007233221,191
0007229321,980
0007233450,461
0007233485,496
0007232853,123
0007228953,263
0007232071,487
0007230583,891
0007229453,123
0007231989,852
0007235631,525
0007229038,404
0007241127,499
0007236069,984
0007230206,802
0007228104,307
0007233884,392
0007233094,711
0007229348,379
0007241526,271
0007242344,389
0007232616,262
0007241070,662
0007219083,153
0007237596,503
0007232896,379
0007243677,739
0007241100,982
0007245653,423
000724164X,338
0007244355,234
0007231784,540
0007232101,266
0007216149,724
0007236379,402
0007232349,607
0007236360,976
0007214634,594
0007247850,536
0007229542,885
0007247818,388
0007245750,624
000724214X,332
0007243502,315
0007247362,847
0007246498,389
0007245742,278
0007243561,350
0007247400,506
0007246250,496
0007247729,606
0007250320,840
0007214863,964
0007248008,399
000724939X,390
0007230087,466
000724794X,653
0007251947,384
0007244339,227
0007248199,602
0007245815,657
0007244576,469
0007237677,935
0007247397,156
0007253990,701
0007248075,752
0007242638,830
0007245955,856
0007253567,132
0007247958,762
0007247664,186
0007241887,170
0007247613,311
0007251858,195
0007245629,355
0007249594,664
0007254008,634
0007229496,213
0007248490,553
0007255357,713
0007241658,677
0007243324,524
0007248156,929
0007251203,930
0007250355,346
0007257945,275
0007256817,912
000725539X,550
0007249578,877
0007251157,888
0007247508,582
0007247826,654
0007256302,204
0007255470,599
000725041X,507
0007244002,521
0007230028,521
0007248121,469
000725881X,395
000725198X,332
0007254474,499
0007259441,904
0007260806,419
0007256035,271
0007255438,384
0007261152,423
000725721X,416
0007256965,970
0007259735,535
0007263538,661
0007248946,316
0007263759,791
0007261136,518
000725637X,717
0007259387,384
0007255365,580
000725931X,562
0007242212,690
0007259247,365
0007240279,823
0007261489,515
0007264488,255
0007258801,981
0007264925,758
0007259883,823
0007235801,668
0007266588,152
0007265050,662
0007262000,693
0007244665,180
0007256620,866
0007259336,105
000726528X,629
0007267010,717
0007268998,744
0007263783,390
0007263937,854
0007266944,515
0007261497,512
0007262833,395
0007269099,666
0007259743,101
0007264941,930
0007263945,191
0007261055,332
0007261098,604
0007270682,501
0007233264,936
0007263694,917
0007268858,968
0007267444,577
0007270755,479
0007262043,253
0007268777,308
0007267045,314
000727324X,847
0007259700,941
0007268807,786
0007266766,829
000726500X,617
0007269218,719
000726531X,995
0007271328,789
0007267371,104
0007265905,964
0007251971,196
0007261667,286
0007263570,569
0007270089,854
0007267274,636
0007264712,277
0007273282,905
0007267770,799
000726741X,135
0007270984,788
0007272588,810
0007274645,819
0007270828,407
0007267142,948
0007270968,794
0007278799,547
000727128X,823
0007254970,946
0007277016,381
0007274068,640
0007276141,490
0007270720,313
0007256493,553
0007266642,928
0007277849,223
0007277946,665
0007259174,157
0007275943,112
0007276095,611
0007273436,952
0007274947,672
000727565X,203
0007278233,808
0007270267,800
0007260989,680
0007271751,561
0007281951,728
000727405X,825
0007284896,468
0007284225,910
0007277512,868
0007276915,301
0007266782,556
0007279043,302
0007268505,577
0007271247,463
0007269706,165
0007285248,919
0007278845,446
0007270348,292
0007280998,576
0007267053,677
0007281080,763
0007278853,923
0007286287,545
0007286163,160
0007288107,960
0007268939,770
000728814X,915
0007270194,911
0007285973,528
0007274688,102
0007280858,178
000725976X,677
0007284926,253
0007270909,464
0007262639,718
0007286325,601
0007289537,272
0007289944,563
0007299044,352
0007288409,427
000728019X,156
0007269854,906
0007278675,901
0007271166,599
0007296878,967
0007298455,335
0007296819,857
0007299060,254
0007281463,331
0007284772,964
0007298811,455
0007287968,720
000727579X,503
0007288727,913
0007278470,592
0007287380,184
0007280807,600
0007294727,205
0007287984,897
0007299052,105
0007287941,859
0007275927,855
000729879X,258
0007301286,812
0007278314,311
0007288859,769
0007299109,488
0007299281,288
0007302185,661
0007300395,954
0007303602,669
0007302177,875
0007300441,419
0007292570,870
000730112X,686
000730045X,507
0007304498,731
000730031X,657
0007289820,659
0007301294,642
0007301170,104
0007289545,837
0007304781,630
0007301987,620
0007304005,278
0007291604,567
0007286120,799
0007300727,417
0007302304,278
0007289030,311
000730904X,991
0007303106,172
0007302282,372
0007286023,413
0007298552,250
0007303017,766
0007290454,900
0007309473,194
0007309015,656
0007293704,765
0007302622,406
0007299273,314
0007287321,371
0007311354,908
0007298560,296
0007312520,866
0007310544,185
0007306199,829
0007281471,498
0007286171,980
0007306121,536
000729932X,873
0007298951,964
0007312547,782
0007309058,707
0007308906,427
0007306202,448
0007313969,302
0007281048,131
0007312679,438
0007309031,673
0007315651,696
0007310498,696
0007313535,357
0007308922,199
0007310765,137
0007305850,849
0007298706,496
0007304749,613
0007312164,134
0007315120,279
0007326394,468
0007318979,715
0007319274,152
0007316089,796
0007323174,232
0007320817,892
0007305885,131
0007319150,273
0007320671,317
0007321600,472
0007320183,836
0007319290,429
000732717X,286
0007310722,585
0007321198,578
0007326602,140
000731888X,875
0007323182,531
000729896X,937
0007298498,295
0007324723,767
000731504X,555
0007315732,397
000731275X,146
0007321112,173
0007315694,919
0007326033,541
0007324510,563
0007311907,193
0007313659,238
0007312741,169
0007326017,530
0007317735,708
0007329237,985
0007307381,968
0007312792,677
0007322054,720
0007324154,222
0007315155,719
0007311672,395
0007331533,133
0007328680,131
0007325169,693
0007333846,319
0007318537,420
0007333463,843
0007315686,540
000731969X,312
0007324936,636
0007315147,351
0007326661,137
0007328419,585
0007327234,113
0007326637,894
000732331X,575
000733916X,406
000731521X,595
0007318154,907
0007327692,702
0007322429,551
0007331681,349
0007327978,855
0007320736,137
0007331991,791
0007341423,608
0007323867,393
0007320094,299
0007319231,285
0007313780,404
000733155X,520
0007317514,882
0007342055,485
0007339259,545
0007337361,193
000733236X,394
0007343310,225
0007340931,817
0007322615,427
0007341539,499
000733088X,596
0007337906,235
0007349505,754
000733933X,209
0007321643,838
0007351593,284
0007342446,999
000731566X,190
0007344074,129
0007345623,950
0007319673,247
0007336977,903
0007351445,387
0007340648,327
0007347081,368
0007320744,168
0007324839,744
0007333994,208
000734421X,409
000735018X,525
0007296541,371
0007328877,917
0007340516,919
0007348037,651
0007339615,324
0007354096,638
0007347073,141
0007346549,684
0007351577,756
0007354282,722
0007339836,737
0007351747,307
0007354312,651
0007334524,764
000735424X,998
0007344260,358
0007341857,797
0007335571,795
0007320779,286
0007358660,665
0007360606,541
0007361572,409
0007361556,823
000735942X,205
0007369751,662
0007364547,261
0007356366,959
0007363958,539
0007364539,748
0007362579,295
0007365241,458
0007368194,582
0007374674,877
000733396X,693
000736296X,162
0007364520,870
0007374720,888
0007356374,831
0007371667,906
0007364784,596
0007379005,929
0007332211,981
0007351119,563
0007337914,622
0007345305,936
0007371411,793
0007367880,779
0007384343,965
0007362188,487
0007378912,389
0007362544,554
0007364717,472
0007346832,907
0007393563,935
0007371462,863
0007271069,189
0007383029,623
0007344201,192
0007374755,391
000737139X,279
0007363974,195
0007360770,919
0007387148,559
0007382995,628
000738422X,573
0007391382,426
000738274X,969
0007395442,390
0007379048,334
0007355475,264
0007382332,764
0007373619,731
0007367872,713
0007355165,872
000736265X,445
0007389868,924
0007396767,488
0007345631,458
0007382197,264
0007362129,493
0007375220,516
0007348703,212
0007413491,868
0007376103,891
0007374798,390
0007412479,196
0007388128,246
0007383169,518
0007398433,698
0007419139,812
0007419023,657
0007384505,169
0007415508,251
000741904X,693
0007413629,426
000742017X,673
0007362706,429
0007342098,500
0007391595,465
0007388160,891
0007419449,782
0007338155,533
0007334877,303
0007411820,784
0007395906,680
0007419813,558
0007421508,537
0007415915,540
000742695X,752
0007424604,966
0007423810,724
0007423241,869
0007427956,649
0007389736,675
0007423276,542
0007368534,213
0007424981,996
0007367759,138
0007411537,378
0007419155,782
0007394764,388
0007434766,598
0007419511,981
0007425201,822
0007414900,822
0007371861,216
0007393571,786
0007419171,672
0007429479,732
0007367929,474
000741949X,598
0007398549,259
0007425031,402
0007435614,737
0007425635,638
0007368518,229
0007432003,901
0007432305,926
0007431007,804
000743796X,920
0007429088,517
0007412622,941
0007427964,176
0007440650,322
0007437927,664
0007436475,229
0007440677,661
0007411952,514
0007435991,417
000743488X,499
0007433085,413
0007425597,572
0007423632,979
0007395280,456
0007382855,119
000739358X,224
0007442416,607
0007395116,612
0007436408,708
0007432062,121
000743202X,444
0007436629,405
0007419457,757
000736816X,611
000744091X,623
0007434855,763
0007437315,950
000739523X,166
0007438664,219
000741577X,764
0007441290,395
0007426224,414
0007443277,601
000743880X,910
0007436106,811
0007371047,510
0007438494,583
0007437862,785
0007442432,860
0007436564,649
0007438885,585
0007431090,883
0007447868,160
000744270X,941
0007434758,639
0007442920,874
0007449135,949
0007431902,819
0007448260,391
0007438516,524
0007442440,526
0007445326,884
000744785X,969
000744592X,272
0007443331,257
000745113X,989
0007447329,768
000744527X,315
0007371365,807
0007452942,510
000744849X,449
0007452624,719
0007442637,809
0007437986,383
0007452411,183
0007455208,276
0007445210,250
0007435851,644
000745421X,470
0007432852,438
000745256X,730
0007449100,588
0007446128,386
0007453477,911
0007452969,673
0007453566,235
0007447094,565
0007442890,864
0007455216,722
0007449232,328
0007450559,753
000743670X,395
0007453418,294
0007410956,773
0007436416,740
0007413785,246
0007445466,793
000745435X,219
0007457065,107
0007452594,583
0007446306,528
0007453000,406
0007455410,259
0007458878,158
0007446977,683
0007448082,197
0007452667,892
0007452454,526
0007457707,994
0007453531,978
0007462271,932
000746486X,568
0007460554,881
0007455755,546
0007457146,493
0007456107,685
0007445881,197
0007442513,138
0007456743,497
000746441X,634
0007458290,841
0007462581,117
0007464533,683
0007442629,184
0007460740,102
0007456395,691
0007455666,672
0007465173,679
0007462255,253
0007461526,775
0007462700,776
0007436653,874
0007450168,396
000746262X,521
0007458541,503
0007485638,621
0007478798,329
0007455585,168
0007481012,433
0007466013,460
0007448473,324
0007481438,963
000746861X,764
0007460716,359
0007468660,570
0007456018,255
0007460708,954
0007465955,724
0007450133,953
0007464665,615
0007485883,768
000745337X,505
0007462190,719
0007485875,281
000746519X,397
0007481136,662
0007479085,676
000747959X,693
0007472269,583
0007463243,162
0007490518,474
0007454856,586
0007485514,268
0007485913,215
0007487800,555
0007488238,944
0007473214,210
0007486839,152
0007485905,460
0007465157,580
0007485697,284
0007468598,201
0007449186,307
0007459173,358
0007491298,108
0007478992,227
0007486774,875
0007479557,185
0007466064,771
0007459114,928
0007458851,641
000748142X,802
0007461100,128
0007460902,733
0007492510,530
0007478968,857
0007456816,725
0007481446,456
000748805X,438
0007497091,245
0007453124,961
0007493827,132
0007488173,687
0007491220,445
0007482795,386
0007489730,219
0007497105,362
0007487347,560
0007436122,918
0007492316,198
0007497121,324
0007467915,166
000748626X,399
0007501447,789
0007493134,290
0007505418,319
0007497148,455
0007488785,460
0007503156,145
0007491271,452
0007453191,612
0007500955,558
0007491093,400
0007498217,413
0007489617,1000
0007481055,669
0007516924,137
0007485867,341
0007492286,244
0007497075,159
0007513305,380
0007497989,540
0007431201,577
0007488939,918
0007508530,555
0007491697,191
0007514263,421
0007525621,783
0007522207,937
0007497482,622
0007510837,102
0007493010,210
0007504306,787
000750621X,448
0007493053,523
0007448023,652
0007479573,395
0007524137,523
000748593X,510
0007450451,548
0007491921,876
0007506236,112
000749310X,702
0007530226,754
000752563X,791
0007533322,136
0007500157,286
0007500262,731
0007541295,385
0007491336,487
0007518137,756
0007514913,678
0007519532,900
0007551797,927
0007541317,187
0007506619,353
0007501501,526
0007530919,313
0007496761,535
000752417X,418
0007540302,754
0007522029,313
000749131X,545
0007532830,694
0007534779,604
0007546971,516
0007509782,926
0007553234,211
0007525796,515
0007559585,969
0007575505,865
0007497083,965
0007454767,322
0007513232,218
0007553390,308
000761263X,586
0007514948,926
0007518633,850
0007497415,869
000766141X,762
0007523580,991
0007559461,860
0007550790,586
000755947X,655
0007493991,675
000767998X,389
000755589X,740
0007524951,897
0007490526,532
0007542216,411
0007559712,989
000764485X,689
000766236X,338
000765202X,770
0007650957,522
0007547862,808
0007828780,385
0007921268,681
0007544596,974
0011888210,908
0007778694,371
0007653735,323
0007921276,907
0007929803,885
0007680007,765
0007662394,299
0007491263,123
0007937636,744
0007559569,617
0010004653,457
0014024853,252
0012299057,747
0020063105,722
0007921284,560
0007829698,885
0007851375,853
0020026501,453
0020093616,662
0020083157,138
0020072406,550
0007902301,641
0020098014,364
0007929080,392
0007488254,923
0020100604,784
0020016700,739
0007937644,225
0020119208,884
0020065302,254
0020117604,728
0007612605,644
0020103700,357
0020088221,452
0020166001,779
0020126204,211
0020007205,109
0020091303,403
0020218052,387
0020130406,836
0020136803,339
0020165560,132
0020160305,693
0020196806,535
0020163908,446
0014092077,348
0020136900,764
0020199856,555
0020283008,905
0020257600,112
0020080956,292
0020192002,321
0020133405,782
0020259700,906
0020094701,441
0020136609,382
0020236107,842
0020285604,609
0020259905,978
0020091850,330
0020126123,911
0020165811,992
0020034717,683
0020226500,437
0020295456,651
0020256108,545
002028361X,449
0020198507,127
0020291922,634
0020307306,525
0020303106,128
0020287011,506
0020165803,981
0020285612,968
0020223439,501
002030465X,678
0020306652,775
002032782X,399
0020311605,640
0020339909,497
0020329954,527
0020298110,639
0020310218,417
0020331053,817
0020315910,602
0020189257,423
0020298153,736
0020343906,504
0020316607,624
0020360355,609
0020248504,841
0020327854,388
0020345208,300
0020302800,593
0020322305,316
0020281455,786
0020359551,289
0020368550,895
0020360509,779
0020408919,961
0020209851,580
0020130805,399
0020345305,843
0020360754,762
0020383142,732
0020361602,509
0020419201,976
0020381301,602
0020423810,443
002038260X,187
0020299311,542
0020420102,943
0020418205,203
0020345542,913
0020418108,689
0020408811,329
0020292651,524
0020303955,471
0020421907,860
0020415133,627
0020420307,520
0020301758,185
002040915X,976
0020363702,879
0020232810,599
0020425740,354
002042681X,198
0020418302,652
0020404808,812
0020427115,701
0020420404,832
0020427859,944
0020427212,696
0020425732,184
0020425651,637
0020421508,887
002044995X,780
0020421303,836
0020345151,438
0020353804,231
0020449313,460
0020529627,290
002035441X,179
0020381026,563
0020527519,627
0020435401,137
0020419309,145
0020444648,253
002049131X,636
0020425759,359
0020426917,110
0020452705,141
0020436203,413
0020389655,302
0020449380,148
0020432356,603
0020513402,235
0020446500,803
0020446519,359
0020427018,430
0020641400,449
0020437501,228
0020641303,413
0020692919,579
0020794304,370
0020464703,315
0020659105,339
0020519109,317
0020664303,759
0020427255,705
0020556004,661
0020537700,253
0020715501,714
0020519001,910
002069847X,452
002062140X,198
0020748000,380
0020421206,655
0020340656,186
0020522932,987
0020794207,330
0020321503,366
0020698445,149
0020777507,515
0020583516,634
0020746903,162
0020820445,742
0020554508,675
0020300654,939
0020654413,540
0020842201,237
0020758901,394
0020826621,496
0020698453,434
0020792611,742
0020836201,836
0020896409,623
0020636601,532
0020421702,526
0021040028,859
0020794401,780
0021001251,144
0021040036,300
002104001X,769
0020443412,518
0021057265,293
0021079536,415
002107299X,469
0021072949,615
0021072922,901
0021079684,678
0021072981,147
0021073058,735
0021072892,115
0020842708,724
0021073023,857
0021072957,419
0020877501,781
0021079714,832
0021072930,123
0021072965,893
0020870906,540
0021513473,963
0021517371,709
002149262X,531
0021523967,438
0021523983,337
0021073015,890
002151738X,330
0021079668,703
0021523975,234
002190894X,918
0021513457,900
0021492689,108
0021513481,524
0021523991,950
0021922802,142
0021524041,414
0021988048,418
0021988080,837
0021988153,690
0021988099,144
0021988137,804
0021940509,455
0021794839,490
0022545409,725
0021988110,976
0021988129,623
0021988145,662
0023078839,829
0023077506,547
0023042125,408
0023078251,694
0023039248,333
0023030852,398
0023012641,238
0023074906,782
0023052503,264
0023096608,526
0023099658,547
0023205822,182
0023076607,809
0023180315,866
0023112506,576
0023150424,904
0023100702,715
0023224215,300
002318342X,695
002322410X,975
0023078219,514
0023150203,580
0023219513,142
0023035641,727
0023130202,835
0023080302,526
0023193301,366
0023133716,602
0023250925,275
0023207000,992
0023174005,118
0023051620,224
002307860X,691
0023060557,964
0023251603,760
0023296100,195
0023249803,506
0023296712,741
0023182857,607
0023142472,957
0023250984,486
0023107421,786
0023200928,352
0023153105,449
0023098317,629
0023232005,991
0023156716,434
0023329017,788
0023364505,221
0023396415,687
0023327537,602
002329891X,661
0023285214,490
002317529X,662
0023309709,958
0023252863,988
0023454024,859
0023395702,857
0023050357,952
0023375701,105
0023287640,591
0023493356,631
0023462469,604
0023417927,907
0023393505,696
0023313501,782
0023229926,515
0023033800,941
0023271418,798
0023393599,186
0023545534,763
0023502517,951
0023456108,250
0023548568,743
0023295244,243
0023589418,169
0023397632,946
0023466022,590
0023513209,535
0023611332,333
0023582901,922
0023233001,256
0023300116,798
0023611316,462
0023472537,498
0023628421,410
002329180X,942
0023629894,650
0023619384,779
0023490209,655
0023619333,719
0023547618,816
0023437421,989
0023269006,280
002361191X,530
0023430516,652
0023661704,584
0023611413,786
0023412003,954
0023241217,991
0023606924,249
0023285192,879
0023714239,872
0023575018,134
0023631457,244
0023619422,229
0023736607,797
0023658118,866
0023681217,649
0023905611,980
0023672501,126
0023767758,183
0023784717,922
0023698748,348
0023124318,804
0023674121,285
0023838418,141
0023932120,264
0023812613,958
0023606827,406
0023428104,706
0023952814,890
0023895306,320
0023749210,686
0023720905,587
0023953306,910
0023705507,775
002394501X,240
0023925000,361
0023993456,434
0023801417,665
0024059307,445
0023745452,133
0023955554,161
0024036218,777
0023669128,268
002390691X,302
0024073709,220
0023797606,361
0024005819,692
0023887419,434
0023611367,291
0024049913,344
0024049808,402
0024076902,246
002340681X,827
002391341X,894
0023971916,512
0024025003,213
0024103411,851
0023811927,242
002412141X,422
002381831X,431
0024137510,726
0024155136,629
0024154938,347
0023370017,133
0023623012,487
0024097616,862
0024181900,939
0024146706,359
0024089400,951
002415556X,109
0023887311,413
0024106224,259
0024101915,330
002420806X,356
0023984155,484
002415654X,911
0024125113,417
0023805811,932
0024041513,540
0024272213,411
0024276405,862
0023887257,943
002411510X,283
0024104418,338
0023885815,491
0023529504,271
0023969415,313
0024277800,498
0024208701,396
0024202401,257
0024316237,506
0024316202,587
0025003402,578
0025074059,584
0024288608,540
0025002813,731
0024972002,387
0024242012,158
0025005715,665
0024031216,921
0024248649,700
002500574X,363
0025054708,877
0025005405,181
0025107747,795
0025005707,798
002427691X,940
0023557133,318
0024288101,801
0025022512,360
002500350X,919
0025076752,597
0024189316,504
0024105643,388
0025068407,719
0024180505,453
0025202529,210
0025006053,891
0024039608,133
0025179500,935
0025225405,771
0025221000,502
0025005731,561
0025254308,839
0025281607,124
0025229109,342
0025258001,120
0025174215,244
0025174304,218
0025104500,473
0025322613,435
0025226509,930
0025257501,739
0025294458,977
002520260X,501
0025236903,320
0025226207,280
0025334409,835
0025076701,645
002531310X,976
0025209159,432
0025363107,691
0025225804,145
0025418505,741
0025361929,572
0025229303,411
0025236601,705
0025226606,715
0025350501,575
0025439472,232
0025434152,373
0025180304,583
0025375008,459
002517410X,956
002534904X,336
0025407759,881
0025481851,532
0025143700,947
0025297007,669
0025473905,810
0025474804,434
0025482610,634
0025245104,460
0025349201,753
0025451707,252
0025475401,738
0025485318,195
0025292404,429
0025457950,379
002544011X,408
0025518259,638
0025427458,875
0025463306,770
0025293508,354
0025377604,858
0025484206,789
0025429655,447
0025550802,958
002542730X,499
0025485016,955
0025519204,187
0025454404,832
0025483358,131
002558250X,921
0025518305,502
0025595601,900
0025384813,479
0025678302,748
0025495259,890
0025668706,973
0025483307,974
0025653202,958
0025321501,415
0025650106,184
0025740415,771
0025582151,337
0025539507,145
0025752006,117
0025623052,104
0025729853,167
0025836757,633
0025755803,974
0025758713,317
0025579207,128
0025781154,449
0025671804,520
0025831313,577
0025676806,931
002578000X,230
0025801910,269
0025831119,615
0025850504,814
0025807609,678
0025668609,813
0025876007,308
0025831259,284
0025853503,186
0025174606,792
002588591X,155
0025828207,591
0025656708,800
0025908308,987
0025853554,322
002577350X,135
0025631403,682
0025843753,818
0025959107,831
0025947311,288
0025943006,513
0025845616,212
0025947052,865
0026045117,107
0025882708,456
0025882104,940
002606670X,525
0025951602,613
0025881515,989
0025780352,573
0026045702,253
0025994611,328
0025874950,828
0025959158,633
0025837311,420
002603641X,774
0025849751,543
0025994700,476
0026100401,443
0026119706,806
0025893300,275
0026070510,184
0026119307,713
0025861905,503
0026009102,696
0026090805,838
0025879103,356
0025474502,312
0026124157,114
0026057808,608
0026051400,631
0025611690,203
0026019302,650
0026035316,287
0025949802,313
0026025000,485
0026168707,785
0026125706,720
0026113309,840
0026132117,304
0025839802,628
0026100606,742
0026122901,659
0026151901,280
0026151804,723
0026128101,488
0026151200,361
0026192004,721
0026154900,878
0026308517,351
0026071312,652
0026217503,735
0026217457,532
0026299550,270
0026155109,585
002615000X,668
0026301202,814
0026320703,870
0026166208,990
0026282003,567
0026186004,871
0026257904,112
0026154609,197
0026301628,195
0026325802,843
0026327031,459
0026309106,618
0026327023,322
0026290618,239
0026215802,114
0026329859,520
0026049317,793
0026301253,577
0026415461,470
0026316005,642
0026408678,487
0026412624,414
0026128004,845
0026441918,543
0026409135,161
0026336405,844
0026370670,386
002646120X,713
002652600X,490
002621590X,693
0026439883,646
0026315637,852
0026460009,218
0026354349,636
0026641186,691
0026412616,922
0026656809,814
0026624087,652
0026313901,829
0026428784,249
0026533839,740
0026679582,767
002643976X,451
0026302403,660
0026624346,479
0026684500,124
0026834278,241
0026685892,809
0026771233,817
0026623595,412
0026515628,839
0026442221,232
0026641739,571
0027002527,675
002705845X,334
002705859X,860
0027004023,543
0027058514,171
0027003914,146
0026887541,755
0026894165,218
0026890224,252
0026766515,373
0027097358,242
0027085414,221
0027058573,768
0027076105,232
0027109917,369
0027058441,342
0027083314,174
0027173801,259
0027143414,538
0027083829,568
0027143503,629
0027000311,433
0027136701,561
0027173607,611
0027182215,976
0027173518,856
0027179753,978
0027183157,874
002708325X,492
0027183181,281
0027172759,348
0027088308,847
0027083268,856
0027143457,321
0027190544,179
0027123227,947
0027242455,509
0027253716,181
0027183122,959
002718465X,768
0027184250,801
0027247600,810
0027284670,542
002728686X,211
0027002519,735
002718305X,393
0027172805,928
002729210X,958
0027182223,647
0027263347,172
0027116905,876
0027264556,916
0027180905,1000
0027006409,971
0027004104,452
0027334627,678
0027109402,164
0027255506,862
0026406012,675
0027190412,300
0027299376,833
0027058557,173
0027003930,270
0027284662,248
0027110400,592
0027171108,771
0027353656,707
0027286819,217
0027255816,973
0027286878,109
0027331954,884
0027190420,923
0027172856,153
0027291812,977
0027354105,117
0027363511,684
0027353753,251
0027356752,128
0027331555,855
002717350X,100
0027358127,283
0027253708,404
0027328619,294
0027332055,448
002733564X,936
0027254208,462
0027334643,381
0027292002,838
0027363554,837
0027381501,295
0027358259,472
0027156508,958
0027434109,853
0027179508,166
0027085422,312
0027331229,201
0027419819,100
0027359956,533
0027335631,954
0027369161,969
0027435474,516
0027348407,490
002742040X,482
0027448401,218
0027255123,770
002743785X,122
0027448002,986
0027378306,705
0027443558,132
0027379108,100
0027352382,539
0027426556,141
002743821X,686
0027353958,156
0027334406,197
0027434516,476
0027508714,797
0027436225,759
0027439658,373
0027508439,960
0027375005,643
0027444325,369
0027375862,660
0027439313,163
0027476405,598
0027375854,548
0027497100,603
0027335658,283
0027359948,382
0027101126,623
0027517004,584
0027457702,919
0027496309,894
0027651800,292
0027443507,875
0027436284,275
0027545105,455
0027623149,100
0027615200,804
0027377253,998
0027478467,485
0027448452,180
0027657051,220
002761560X,416
0027624455,983
0027509451,798
0027624250,197
0027426416,836
0027190501,161
002765415X,810
0027677532,317
0027477053,651
0027654605,316
0027682404,479
0027701700,684
0027659054,787
0027516709,906
0027676307,791
0027623629,777
0027435156,884
0027651207,783
0027700259,217
0027617319,648
0027652858,808
0027545210,219
0027681416,883
0027590550,102
0027623122,296
0027681440,510
0027747409,248
0027682307,614
0027672506,526
0027445410,609
0027476723,587
0027573834,152
0027701506,127
0027744116,931
0027749010,550
0027367800,665
0027684601,160
0027669157,745
0027478416,372
0027436292,327
0027651908,312
0027624404,768
0027613909,152
0027815005,899
0027778835,789
0027781372,766
002777452X,793
0027746437,582
0027781216,812
0027779556,817
002777273X,347
0027369315,565
0027761452,717
0027828700,505
0027457818,958
0027779173,430
0027818322,673
0027773019,427
0027777952,942
0027829154,264
0027754510,766
0027862704,586
0027812979,419
0027264521,205
0027780260,635
0027731006,982
0027828816,234
0027746615,897
0027891208,330
0027782107,696
0027781348,316
0027772705,407
0027746429,492
0027922952,494
0027780104,868
0027895106,941
0027709035,169
0027446212,960
0027861317,857
0027824551,876
002777886X,550
002782683X,936
0027777820,166
0027778851,186
0027897001,856
0027888460,999
0027925250,478
0027826325,451
0027887251,1000
0027888401,328
0027780066,179
0027930750,290
002782926X,453
0027651304,952
0027927598,729
0027927105,508
0028000110,625
002793750X,563
0027888304,891
0027868001,745
0027888452,953
002793599X,858
0027746356,144
0027779513,537
0027892816,114
0027863514,266
0027893650,543
002774633X,739
0027923711,543
0027773051,737
0028028139,505
0028021584,757
0027772713,683
0028034635,595
0028043952,853
0027936910,705
0028025008,910
0028230485,575
0028181484,225
0028218728,336
0028043383,901
0028172442,312
0028230418,493
002815004X,396
0027893553,506
0027937313,160
0028232917,632
0028226135,649
0027858405,775
0028251784,984
0028181492,425
0028183037,425
0028182944,801
0028341759,404
0028283783,758
0028253264,463
0028600428,870
0028475003,898
002860377X,752
0028603508,775
0028604199,263
0028603796,552
0028604032,905
0028603540,921
0028516508,549
0028603869,777
0028604261,759
0028603850,417
0028492706,909
0028606957,891
0028603818,521
0028604016,101
0028604156,706
0028604350,952
0028604318,303
0028604466,356
0028608151,634
0028603605,999
0028604369,753
0028608518,530
0028603575,212
0028603842,488
0028609891,274
002860573X,172
0028605772,773
0028608208,368
0028605608,908
0028608437,922
002860847X,360
0028608135,150
0028609980,423
0028610105,958
0028609972,923
0028608380,782
0028609883,662
0028608399,786
0028604008,917
0028611608,206
0028611934,453
0028609905,775
0028609956,906
0028604172,964
0028610067,662
0028608593,433
0028603788,783
0028603613,456
0028611829,463
0028609948,517
0028611152,932
0028613090,936
0028610148,275
0028612590,125
0028608461,414
0028612337,758
0028613244,277
0028603958,514
0028613279,536
0028612558,589
0028612566,177
0028611756,904
0028612345,545
0028614348,395
0028612698,213
0028614453,513
0028608291,568
0028615115,246
0028611136,495
002861500X,658
0028610954,196
0028614461,651
0028613406,887
0028608321,887
0028612574,149
0028614526,350
0028613988,773
0028612914,151
0028613198,136
0028616669,755
0028613376,179
0028612124,226
0028617231,767
0028615972,103
0028616839,493
0028615948,938
0028614577,762
0028616804,461
0028617207,737
0028618351,869
0028612663,293
0028616782,560
0028617347,972
0028615107,114
0028616340,374
0028615883,108
0028615727,851
0028618521,189
0028617258,814
0028618831,459
0028618483,679
0028616812,554
0028617606,292
0028617533,273
0028615506,742
0028612922,297
0028618416,481
0028617266,847
002861349X,365
002861514X,901
0028616626,624
0028617401,618
0028618785,320
002861996X,196
0028617320,885
0028619757,485
0028617819,129
0028615891,640
0028618327,713
0028620585,118
0028617355,918
0028619889,802
0028617800,579
002861724X,193
0028620895,306
0028620852,934
0028618823,109
0028620887,240
0028619838,641
0028621263,283
0028620445,247
0028620577,270
0028619870,143
0028618475,296
0028616820,739
0028619471,749
0028621565,650
0028618904,634
002862002X,962
0028620917,999
0028620720,121
0028620550,139
0028621328,196
0028619560,988
0028621492,433
0028621573,514
0028623320,768
0028620054,493
0028622480,935
0028622839,909
0028621085,154
0028622529,835
0028620135,659
0028623754,294
0028622812,955
0028623339,214
0028621506,900
0028622405,974
0028616308,536
0028623983,422
0028624548,111
0028623150,379
0028624475,641
0028621425,808
0028622863,313
0028622367,367
0028621697,588
0028622472,852
0028621700,981
0028623940,215
0028616650,272
0028624076,134
0028620283,832
0028622073,286
0028623355,168
0028622235,546
0028624556,859
0028619641,830
002862386X,285
0028624505,229
0028622618,840
0028624610,697
0028623363,414
0028624432,505
0028626400,530
0028624521,358
0028624599,998
0028623819,637
0028625684,111
002861917X,418
0028623886,971
0028625803,170
0028624513,673
0028625129,820
0028626222,783
0028623371,653
0028626958,608
0028624572,702
0028625676,466
0028627385,797
002862646X,675
0028626303,920
0028625846,280
0028627350,997
0028627474,332
0028621654,757
0028627520,464
0028626753,548
0028626451,766
0028623274,125
0028623851,921
0028627393,941
002862761X,831
0028627113,927
0028622855,607
0028626192,796
0028625102,508
0028627253,282
0028627687,686
0028629604,910
0028629248,182
0028627202,395
0028629868,630
0028626036,652
0028630181,861
0028629302,967
0028626427,871
0028629515,244
0028620666,290
0028628268,442
0028627415,467
0028629957,268
0028626796,231
0028626494,237
0028624440,533
002863036X,441
0028621441,759
0028630645,347
0028630351,227
0028628829,718
0028628918,617
0028629493,498
0028629035,327
0028629450,280
0028627717,844
0028628217,955
0028627598,453
0028629000,547
0028631471,201
0028627245,349
0028630904,919
0028628691,229
0028630599,690
0028631536,993
002862985X,840
0028631188,130
0028630734,942
0028631870,882
0028629612,299
0028629175,177
0028631412,741
0028627199,346
0028629361,326
0028630823,291
0028630890,272
0028632338,447
0028629043,647
0028629841,799
0028630653,549
0028631897,813
0028630963,796
0028631552,634
0028631528,662
0028632761,162
0028633563,499
0028632028,905
0028624149,438
0028631889,710
0028631234,514
0028627431,803
0028633725,646
002863201X,775
0028633504,172
0028634047,921
0028627504,312
0028631994,413
0028628896,583
0028634160,256
0028632362,515
0028634497,723
0028634500,237
0028633873,976
0028635094,338
0028633083,407
0028634691,872
0028633857,842
0028632346,751
0028633377,421
0028631919,359
0028635299,954
0028631757,729
0028635086,655
002863599X,726
0028627660,892
0028634764,478
0028630378,576
0028635426,656
0028630238,618
0028636376,601
0028632796,142
0028633946,329
0028636449,527
0028635868,783
0028637011,252
0028630459,849
0028636562,151
0028631161,366
0028636007,333
0028633784,251
0028636341,771
0028634063,741
0028637461,740
0028633792,855
002863750X,854
0028633830,691
0028635892,649
0028636392,630
0028635949,694
0028634934,806
0028631978,815
0028636589,766
0028632370,279
0028637909,699
0028637380,598
0028636848,877
0028637178,580
0028634748,135
002863831X,916
0028634659,537
0028631277,971
0028637933,289
0028632753,702
0028636716,986
0028637232,264
0028636678,161
0028636961,669
0028637879,199
0028638468,187
0028638212,761
0028636864,896
0028636988,941
0028636600,316
0028635396,554
0028638158,735
0028638425,270
0028638735,549
0028635264,672
0028638859,607
0028636384,477
0028637925,695
0028637526,318
0028635302,578
0028637496,353
0028638352,901
0028638344,576
0028634942,583
0028637046,571
0028639073,510
0028636686,223
0028636619,107
0028638174,253
0028635256,412
0028638204,822
0028638948,162
0028639243,772
0028636538,713
0028639294,921
0028636945,879
0028638395,475
0028638840,769
0028636732,584
0028639251,515
002863862X,254
0028637623,201
0028636651,424
002863828X,121
0028639502,257
0028638263,814
0028638905,851
0028639405,864
002863893X,812
0028638255,764
002863926X,811
0028638611,538
0028639391,623
0028637453,897
0028638433,778
0028637895,696
002863635X,343
0028639383,938
0028639189,1000
0028639375,720
0028639022,187
0028639456,706
0028638980,253
0028639324,888
0028639758,209
0028639596,261
002863988X,207
0028638662,379
0028639669,632
0028639871,131
0028639804,280
0028639162,546
0028636023,849
0028639855,337
0028639766,703
0028640098,466
002863814X,505
0028640012,268
0028638328,335
0028638964,522
0028632001,378
0028639332,326
0028638913,122
0028639421,989
0028638921,646
0028639944,966
0028639480,181
0028640683,279
0028639928,114
0028640055,758
0028641418,225
0028639367,340
0028640004,728
0028640322,739
002863196X,287
0028639286,728
0028639197,158
0028639448,759
0028641396,510
0028641728,356
0028639898,672
0028639014,800
0028641515,909
0028639510,258
0028634853,169
0028632605,713
0028639634,284
0028639359,390
0028636597,974
0028642074,796
0028642023,871
002863943X,357
0028641752,245
0028641949,868
0028638891,790
0028639499,346
0028639537,271
0028639588,383
0028641639,537
002863974X,118
0028641558,876
0028642082,437
0028641531,815
0028639235,656
0028641477,452
0028640063,246
0028639952,534
0028641809,757
0028641663,772
0028641701,825
0028640128,150
0028642406,998
0028642112,958
0028641469,186
0028639812,969
0028639413,818
0028642368,337
0028642139,415
0028642201,772
002864168X,663
0028639820,563
0028640705,161
0028642651,234
0028638492,750
0028642384,618
0028640071,573
0028642236,106
0028638638,911
0028638190,939
0028641981,283
0028642740,790
0028642376,119
0028642333,405
002864171X,151
0028638301,227
0028642414,224
0028637275,146
0028642341,874
0028642589,211
0028642422,140
002864154X,309
0028642317,903
0028642694,635
002864218X,639
0028642678,276
0028641582,806
0028641736,735
0028639545,971
0028639790,831
0028642872,881
0028642430,299
0028642783,209
0028643194,752
0028642635,899
0028640039,530
0028642716,699
0028639839,171
0028642732,341
0028642252,801
0028638670,130
0028642643,840
002864266X,202
0028641698,689
0028639979,116
0028641825,315
0028641671,805
002864302X,914
0028641779,945
0028642058,649
0028642570,484
0028642163,584
0028642627,918
0028642821,186
0028643461,822
0028642171,310
0028642767,140
0028642260,392
0028643259,821
0028643224,378
0028643534,312
0028642775,753
0028642449,811
0028643550,719
0028641817,480
0028643305,457
0028643100,640
0028643178,129
0028643518,101
0028642104,288
002864283X,527
002864350X,902
0028639340,663
0028643879,581
0028643399,883
0028643992,238
0028643526,115
0028642279,400
0028644239,964
0028643933,214
002864364X,119
0028644182,406
0028644212,437
0028641442,992
0028643828,480
0028643607,844
0028643119,531
002864316X,532
0028643658,747
0028639936,987
0028644336,805
002864459X,369
0028644018,613
0028642902,545
0028643089,868
002864431X,764
0028644867,464
0028644174,500
0028643712,643
0028644840,266
0028644506,874
0028644565,993
0028644379,542
0028644654,699
0028645200,662
0028644859,161
0028644700,771
0028644786,163
0028645693,389
0028644069,339
0028644638,128
0028646142,108
0028644417,413
0028644662,638
0028645073,283
0028644670,430
0028640020,354
0028644492,634
0028643747,657
0028645715,978
0028644972,524
0028647319,938
0028647432,593
0028644603,571
0028645960,766
0028647912,883
0028643453,448
0028647394,174
0028649656,489
0028648625,950
0028647165,598
002864462X,777
0028644247,178
0028646673,935
0028647424,841
0028647297,624
0028645952,589
0028646827,319
0028646126,984
0028647378,463
002864610X,100
0028647521,258
0028646851,865
0028648730,716
0028650654,142
0028642686,960
0028646835,695
0028650085,761
0028648153,761
0028649664,205
0028655419,930
0028649192,164
0028644913,190
0028647882,426
0028650301,600
0028657802,503
0028658310,417
0028644166,995
002865370X,793
0028642899,443
0028656776,641
0028704711,718
0028708458,462
0028653300,879
002866020X,510
0028708326,588
0028705521,442
0028656067,732
0028706838,363
0028657330,924
0028704843,293
0028647351,592
0028653491,912
0028644530,599
0028701658,918
002864719X,245
0028700112,190
0028644921,754
0028657187,885
002870133X,480
0028649257,811
0028707907,719
002865806X,842
0028703111,515
0028707648,560
0028659287,569
0028711009,134
0028656032,281
0028657047,954
0028654838,937
0028647491,285
002870620X,167
0028719158,325
0028712714,306
0028647505,738
0028713591,175
0028724186,406
0028658477,570
0028706501,355
002871394X,561
0028713567,223
0028722809,696
002870665X,927
0028722752,544
0028712218,520
0028718852,265
0028715306,331
0028740106,977
0028732901,683
0028723929,438
002870763X,454
0028740092,903
0028740475,351
0028740173,292
0028740912,949
0028721454,911
0028648641,619
0028740858,902
0028810759,188
0028717953,296
0028659775,886
0028740483,324
0028730127,463
0028810074,233
0028810732,649
0028707656,593
0028644948,514
0028740181,129
002872612X,434
0028810570,482
0028970853,116
0028728513,562
0028810872,473
0028740610,889
0028810813,175
0028741129,117
0028811232,742
0029007658,535
0028740122,374
0028713435,725
0028972252,380
0028810309,783
0028811100,732
0029014557,251
0028740238,816
0028810694,215
0028811259,684
0028722213,840
0028811046,471
0028973038,240
0028740866,987
0028733150,222
0028724151,503
0029003105,296
0029017815,688
0028811127,627
0028810120,606
0028810864,135
0029030129,605
0029012813,354
0029004756,679
0029001455,353
0029035503,460
002900151X,316
0028740637,798
0029023513,260
0029044308,185
0029023521,999
0028971094,911
0029017602,973
0029038812,341
0029050758,562
0028811135,267
0029059100,865
0029001013,931
002901915X,373
0029015006,909
0028810376,792
0029042003,784
0029019869,203
002905477X,521
0029023807,440
0029079403,354
0029037018,117
0029072115,165
0028810252,948
0029063566,842
0028810082,308
0029004314,466
0029078830,455
0029088801,829
0029060400,105
002903079X,916
0029089255,431
002901851X,567
0029018625,780
0029043417,332
002907990X,386
002905950X,905
0029004950,736
0029055156,607
0029109752,242
0029096200,583
0029047226,471
0029109108,407
0028740009,782
0028810473,922
0029115752,445
002911702X,938
0029077354,987
0029081025,103
0029116112,435
0029102766,811
0029094801,226
0029117062,282
0029118239,342
0029138639,393
0029110459,923
0029137055,473
0029059801,753
0029089263,443
0029113121,571
0029142113,443
0029164222,506
0029069386,522
0029123992,925
0029123801,668
0029120640,934
0029153352,656
0029116023,360
0029124824,375
0029160014,734
0029138655,547
0029131715,197
0029131723,453
0029166357,500
0029155010,938
002912977X,583
0029150205,699
0029076102,156
0029079373,345
0029115744,129
0029141656,509
0029103126,674
0029184304,437
0029187109,496
0029152917,370
0029170451,532
0029119405,847
0029066832,884
0029173078,103
002911781X,357
002914180X,887
0029184673,300
0029183413,121
0029126614,498
0029123704,669
0029182301,768
0029146739,642
0029166764,419
0029119154,361
0029195632,649
0029195616,276
0029166837,449
0029134714,767
0029194415,893
0029187303,156
0029161614,618
0029183308,450
0029199808,489
0029105501,770
0029177766,751
0029197821,930
0029212871,683
0029059909,392
0029212650,109
0029197856,558
0029216052,357
0029183316,237
002919055X,197
0029175860,531
0029236797,290
002915670X,225
0029228956,564
002923235X,565
0029231302,469
0029052351,302
0029215005,130
0029227968,539
0029215978,154
0029211816,502
002920528X,650
002921291X,711
0029175410,173
0029213711,274
0029250951,935
0029195160,186
0029184703,575
0029195179,958
0029184657,979
0029250617,595
0029236851,411
0029236827,298
0029176425,595
0029187702,255
0029174317,558
0029238374,998
0029252121,172
0029190908,207
0029175852,889
0029253411,357
0029186064,776
0029268915,606
0029283752,567
0029255805,755
0029250552,671
0029134609,412
0029266718,860
0029206707,206
0029263875,717
0029291003,229
0029197619,443
0029250420,648
0029256151,710
0029258219,961
0029281059,324
0029287316,458
0029275962,935
0029273757,719
0029277558,807
0029279526,681
0029303605,246
0029327253,591
002929231X,518
0029317150,729
0029303303,305
0029276519,283
0029340012,290
0029286662,490
0029331552,272
0029321808,679
0029330009,906
0029285828,400
0029344654,568
0029332001,678
0029297559,253
0029292700,837
0029314755,545
0029298652,745
0029265959,907
0029257506,771
0029338018,853
0029041600,994
0029289386,259
0029317169,243
0029347157,453
0029295203,847
0029116015,893
0029346800,162
0029160154,899
002934655X,801
0029258502,645
0029347106,157
0029324610,221
0029286506,290
0029334357,917
0029271401,710
0029357012,546
0029331536,667
0029236789,690
0029344204,137
0029320402,125
0029259657,467
002933795X,479
0029266254,411
0030000726,222
0030015472,666
0030007380,480
0030025540,298
003004068X,397
0029291534,947
0030024641,993
0030014069,166
0030020786,685
0030040590,150
0029286670,781
0030037727,607
0030050138,284
0030021227,788
0029339960,542
0030043646,250
0029353653,312
003005849X,758
0030056241,513
0030062225,193
0030028523,570
0030056268,707
0030032946,217
0030044634,276
0030069394,524
0029340217,639
002964500X,414
0029356032,556
0030060133,502
0030060494,553
0030049598,190
0030011124,384
0029356717,654
0030074428,894
0030020387,401
0030060028,542
0030103525,708
003004037X,325
003009559X,408
0030073243,816
0030008972,535
0030058899,685
0030062284,910
0030029945,609
0030131642,142
0030086272,138
0030060222,511
0030015979,693
0030103479,147
0030095980,731
0030145899,665
0030108063,803
0030097827,962
003008508X,638
003016253X,459
0030167418,108
0030163145,437
0030105676,418
0030133386,369
0030134897,223
0029324440,773
0030177189,544
0030105595,287
0030186129,899
0030184762,245
0030180775,884
0030193370,821
0030200881,575
0030184614,671
0030202868,221
0030206936,815
0030207916,742
0030211263,111
0030210399,595
0030217865,414
003019234X,807
0030210178,488
0030223695,295
0030209064,554
0030223776,513
0030172330,156
0030237971,761
0030226546,515
003022909X,425
0030212839,595
0030224179,477
0030205085,347
0030225280,572
003020951X,110
0030237629,375
0030250331,395
0030245192,300
0030225582,960
003025034X,183
0030255473,439
0030243483,101
0030225078,637
0030270030,131
0030243475,570
0030238110,891
0030258723,312
0030259827,987
003024627X,664
003024482X,258
0030225086,700
0030270189,406
0030294010,359
0030254566,707
0030266408,478
0030259835,314
0030291917,664
0030225175,665
0030212146,979
0030305047,488
0030237734,432
0030270170,810
0030315336,349
0030268583,108
0030313783,699
0030264715,723
0030262577,903
003026961X,485
0030289319,967
0030295815,333
0030312345,467
0030319625,995
003022294X,429
0030213347,623
0030329442,300
003033604X,791
0030341337,588
0030327164,684
0030333547,377
0030311063,636
0030345030,333
0030347572,636
0030265665,788
0030337267,862
0030318238,814
0030335647,975
0030350840,216
0030259517,253
0030335930,347
0030341795,356
0030355230,652
003032159X,886
0030339588,251
0030354579,601
0030315670,338
0030329337,250
0030310954,604
0030334748,795
0030318343,208
0030355532,889
0030351383,429
0030348064,235
0030339316,803
0030339871,254
0030339286,577
0030331889,791
0030343119,754
0030403065,922
0030335035,153
0030352991,251
0030352533,639
0030421268,799
0030421365,309
0030447119,947
0030435366,193
0030459613,339
0030474345,607
0030425115,190
0030442214,580
0030353734,874
0030452465,401
0030466512,857
0030490561,542
0030499380,319
0030509262,220
0030506018,532
0030515661,432
0030465311,357
0030491266,381
0030534275,973
0030538319,416
003053786X,163
